restaurantID,rating_y
-0oBrlx668ghShZLzOOwpw,5.0
-0xNhQ5cv1q8SbCwBu0h6A,1.0
-13rqFgAMkp8c0YRW5gv-Q,4.0
-1n0DOZ7jz9RozcIO1Bx5g,5.0
-3Bz4dwz3_hytmUYhTfwMg,4.4
-5-QOUmCbGgwTZ1qGodCgg,1.0
-6xaK5elUFw6YBwtcLdKqw,5.0
-9jxsN4TDpsARuHCiEuolw,3.0
-Aev5O4GkAG1zVKc4dRBTg,4.0
-BKSuORz6rwIcTSGAV_GwA,3.6666666666666665
-CclMIdTyOnA2vWrubC2Iw,2.773109243697479
-CehJGwsRwnYZ7e3vvX_Xg,3.2222222222222223
-DcI9z3WSJx09mzCuJPf_A,5.0
-GpWeQogXbJNFx_xE6arCA,3.4444444444444446
-OfTDHHtqCRGZiXZjBgSjg,4.0
-OoRBi390Kiv6vDMKDOfNA,2.6666666666666665
-R32EndpQtBGZxsfbPItiw,2.5
-SSQ1tKlC0xJTDA4hS1wMg,4.0
-SoALCgFIICnppHvmhr6Kg,2.3333333333333335
-T3VU1ArNHupeRuO766U9Q,4.333333333333333
-TcRFgNoikGd36DlgokVdA,4.583333333333333
-Vc6DgUUXKcVVVTQ4YZmJQ,3.111111111111111
-WL5bFWWhbwWCVI4GYBkhQ,4.30188679245283
-aIXGAuLnicdsmOutY9ebQ,3.0789473684210527
-bfF_-h5p4jRC937npYdvg,3.9166666666666665
-eXYVd25zif2AOVfzs4azg,5.0
-gRWlMxEYhUJmRHQiG3WBg,4.428571428571429
-guHhnAYoW7chTG4Vc5g4Q,4.333333333333333
-iC6IMSJaNL8BcWHxvf9Sg,3.7777777777777777
-iXqnFg4a_IlGq4gqFXrSw,3.5
-jBvJsJZxs-dEDKZsDXIug,5.0
-kOOJJZNsTy6upgze1jRfA,3.727272727272727
-kwXSPyiUMsP6FCzUEYJmA,1.75
-l1vG_Oa1LzUouVUE3JhHQ,2.857142857142857
-n8cYKty5pRIm6ggf59sxw,2.6666666666666665
-oFLf8XkaaTy_QYYIgJ6kg,5.0
-pXN0db3PcFGxmFIhUAgEQ,5.0
-rM3lJQNK0xB3jctDyhfVQ,5.0
-ujJAzrSec4d1bl5W1ehBg,4.0
-upcPPR1UkCzN8ffCJa_VQ,1.0
-x256BGaUq3lUL2_oF2x_g,1.7142857142857142
0-j1UL2JhVfPc-flsK3aVA,4.666666666666667
01yNa41hLfHjKJl2mQ1vxA,3.6666666666666665
03Rr6CHAjtJuoG_im3xg8w,3.0
05lOAHlV7gmOnu-TVdiQmQ,1.0
07bYoHMPJidJffPau1Af1Q,2.6
091Y2qP4mAZpHfrdwqQyZQ,5.0
09f1dbS5-6Nw-1eckNyn1Q,5.0
0E26D7x4PPE-J1BoT18uEQ,1.0
0EDi2DB63YXgmwaPeOsYEw,4.0
0Go04SmDIjLgxDP5tM1gNQ,2.9523809523809526
0IWIwWQKCSugciSuXAX2Xw,2.0
0MvTwFDsxRxtJIySaZtGSQ,4.923076923076923
0NxbQw_0CDMoivD7UcrMQg,3.606060606060606
0OBKdSLPrwKfLvU9y_4UyQ,5.0
0Rra5bzEUm4IxfqG4sonLg,3.6
0S9Jwud_Z-ViNoiR4me6iQ,2.95
0SSiwwihNfYeM1-spqgIBQ,3.9690721649484537
0ST47AokxIzBKKffPvsuIw,4.037037037037037
0T0duD3SSxYq5URTiYD6ow,2.3333333333333335
0Z1sv9jRKD57-zNYYgTeJg,4.96
0aaNoHueSD9mmSWOYIW1qg,4.0
0c0sRK0EJy-0cpKm8T3rbg,4.741935483870968
0hjlH9KmXhyYMfrkBrLeew,4.5
0lDrCk-haGBAZZeTtLwulw,3.5
0mX-tNF24Ap58fwl8IGglg,2.875
0nV0x0u3NhWq-UfQAmLafw,1.0
0qaoxkcF_Z1NNjXDMQoV6w,2.4
0riReGUvbcjeDKFo290a6g,5.0
0s3yJUGqg9KrPCSwk8hJNA,3.95
0twBHr1MbmS1EkeIrKmNQw,2.0
0w-Ge6WGb5qSID4QeWQzEQ,3.6538461538461537
0wo34gZH3aYIoQEDeNtycg,3.5
0yP87uAYtYR4KpumVdAFEw,1.5
0yvGouZR5QGbi9em_98xRQ,3.0
1-3Z-Rb6smVQas_d0gSa3A,1.0
1-FI7W_1TmnahScEz19RhA,3.0
1-rozNwZ2AEU9AQJ2HTOUQ,1.3333333333333333
11aZIVYHsc_xb43lGHgGbQ,3.6
12YOCJb0zuKue-F7ysHGSg,4.470588235294118
13H1Buaj31mBwLgopGE3xQ,2.0
13kjjg4RptOJ4U9UYM_rrw,1.2
1AjGTOFmlU2hwybShRh4hQ,3.652173913043478
1Bk1hgF4dRutIm2srql7Kg,2.0
1Km-oO8bX43gNFeAbGiYTQ,3.896551724137931
1MfiZuyRzucrxEyIaIXgwg,4.0
1QYw2DpFXY6PqvV7C0GTZw,2.5
1Rvmtp17yoY9cDsEPLYaSg,2.8823529411764706
1S3tW00La1Nphe91vFBjog,4.0
1Vglu_Qdgybx7OcwsEqzkw,3.4444444444444446
1_zkTuPxEFkPAocuiO101w,1.5
1f7JLbrbquvAEhg0heyKFQ,2.0
1hJYOI26FjCQ-Ce6iKAvug,4.168067226890757
1iyzE4xlk1HNGkULak5alg,4.0
1jSRazECx0xeJs8HT9W_jQ,3.6
1m2ze0cXx2miXKj0VTJuxQ,4.166666666666667
1prznGO3MwE6Yf60xYuwTQ,3.5
1rJZHq8Cce3PJxCte1lalw,3.888888888888889
1s6Q6AWIc6f9RVVQ92ZFaw,3.0
1s9iSQ4z8yDy9ffGqg81Fw,3.4
1ukE2y-MzEnG-SM3p8Mq0Q,4.2
1uqwWskpD_i2Icx0f9S8jg,3.8181818181818183
1y1xDvXbO-bKZFgmkMALVA,3.048780487804878
1yUM4vdxwTDs6EuoZ086Hg,3.0
2-Jvw8bADNZ0E-T3tDDrRA,4.0
20M9zhLEEnoB0qGsyoSxIA,4.5
20wfxKZnNFsnp2CdB7Eahw,5.0
210rvDTo_0HSSo5tLr9HMA,2.5
21D0_8YEyT7I69iwY6XIlQ,2.8461538461538463
21Q4OsA95Vb2TURFpeTIcg,3.0
21f2w6z-FdAjnYu970gn0g,3.0
22GkDUHxH3xBmGO0_g4GVQ,3.0
24WqBsmrWPYEsI0ys3ZWWA,5.0
24sB8bOQneWRVBi9N1VY5Q,3.2666666666666666
2AH6AcX1L6sNX60GUsEwVA,4.120689655172414
2BxHjDHNq2342L_cMsSNgg,3.3333333333333335
2BxHkSktvRjxZ6Be9Y4NVw,3.6666666666666665
2CWs-l5YJSNgRN77erAXbw,4.666666666666667
2G_LdsOLFtHhekimlOeRcw,3.8125
2Gvg-l2UBRpb7sGxR0aZPA,1.0
2Lly37VVeM39l1RS3EzqAw,3.5
2PIvYS7kCl4O8WD71-XjQw,4.0
2T77jRv5abRFZnzuqYCK_w,4.0
2U4Joky5DZ3m8-HN4iM8cg,5.0
2ZJ8Pr0OhDYEsF8KuITTzQ,3.5
2ZURzjCMKBBClbafMY0eHw,2.6666666666666665
2a5LBuNC1hQNOS9pbaRIkQ,3.0
2ai5kEKuLQ_lGmKs5x81Tw,2.75
2fMPAjajtxmcaJmAIaZ7Eg,3.8333333333333335
2fUEU9X3sKA52G45edMizA,5.0
2fZ02ae7kZG9PW0vKjtTRQ,3.9166666666666665
2g63sTi0w1aB6avw7rP69w,3.0
2gmthMUNBttWUIugJAnOkw,4.125
2idH6ihDTO_qK9-y8r-hKg,4.0
2ldSwMPrAV59rHSOymBqWw,2.0
2m_KBLL9Bk_dwZ5n5b11nw,3.791044776119403
2mafzHdB8XlBfBqwclWkKg,3.6666666666666665
2nghVWzBaF45Vl--2O6cSA,5.0
2svAajXvBaFJpv8pWxAc3g,4.0
2wQJD6EQTSsEKuJLysYB_g,4.055555555555555
2xezU4jZXr3SsdNVq5Ta6g,3.5
2zhHulwNrtph6BPQK_lQ1w,4.5
32xJ0Xxshxzy8XhXp2WnKQ,4.75
35KeOhB4jWlCwAxlXuxtUg,5.0
38gt6s_jrOlnjHhHAODXXA,4.0
3BKnY2wzy4QM20Fr1nqDsg,3.984848484848485
3DvrpXBRJYZZyMUDYj6Gww,3.6666666666666665
3EUX286ckiX2g6ig8GFZAQ,4.0
3EZJnLh_kOKvNCQg21I_4g,3.0
3FLqwlT1dbA3Djw3rEGp6g,3.5
3FSFRihADufwF4ZmJ5V4eA,1.0
3GXFsq9rJZUWXOJCQf-dIQ,3.7857142857142856
3JKpC8NVEwehiYEP5PZUyw,4.909090909090909
3JVf9XaeovtphmXICKP4UQ,5.0
3NHRKPfkUbG3FNfcXt8gqQ,3.0
3NV7hlKcTm5be625ylnyBA,3.5
3NnjTih2DgDo3mMD12buwQ,5.0
3PStSuAE5GwXl9Av_vBSOg,2.0
3Sm8sZ0FrFQpbu9Eft1ROA,3.7857142857142856
3TO5TOt6EA3CJIRFDaIZTg,2.0
3Tb7nFDCO63gbQK5pm0Mag,1.0
3V-LqgL1Pmo8597Pan1uaw,5.0
3bYTS6ormbI2NzamGvLwaw,1.0
3hzb9Oy0i9JgrQtqZpG4Ag,3.875
3nL7nX2vtyN37-jmy22z9A,4.6
3nLRQuRKpCOj6zwp6WHtAw,5.0
3pL7x-7C29VUffLDDwOt8g,3.3333333333333335
3tvOLEEu7neQAA3DzHcsQA,3.5
3uExHbBEstd2EFZE0rqP2Q,1.5
3vayzHh-KhCoj0y0xtsiEg,5.0
3zFnA3zUZGhM7uO72svYFg,4.3
3znBF55psLGRk7RFkRVtGA,5.0
40Mpc35KZzsl9ZhUqYG8xA,5.0
42RURnmGeBKdfop0i4lEyw,4.0
42fKxghGjTmoBaTsX0OiFg,3.4166666666666665
47CFeWqm4WxQZVKWNdLxbw,3.25
4AGNyl3PSTJDndUvkHu6WQ,4.333333333333333
4DRO4odzVxEt6NbU352p8g,5.0
4DcXRZLvvN-VQiPK0hEBgQ,5.0
4FMK_dt30oLQDNOsx6R2Rw,4.0
4GFZJzbt6Ah15RL6GBDx0w,4.5
4HHIt4OVTMiBKx2nVrZZig,2.5
4Hfzfkgp7Q3-XhqVK_9Eng,4.666666666666667
4JUhaXWC1IcUFcA_tOVYuA,3.0
4OVgBtwrqKexJad6axdErA,1.0
4SLcA-_yv--GUAPctexFbQ,1.0
4SmEprZO0coUzo2HDM6KXg,3.0
4Tf587qzzP8iY43MYXQYWQ,3.0
4UQ18B7HZDKrRNUeE7LLKg,3.1875
4VyzVcgkwRSCoatWZraTJw,5.0
4bn_9znR6PX7UUjltzKOlw,2.0
4c0Pa0UIfWbFZVSIuYYtqg,5.0
4fThwu5WLrejpf9KsDzmoQ,2.9
4h1nvAGJRcBZz4ZHnf9UkQ,5.0
4h9EmFR-BYdjK1S73Xo6ZQ,1.0
4hEWyzVZ4gKdAoBpsd7Rrw,3.104651162790698
4hIXfj2MU4sDG3E8yNpJsQ,4.0
4iI6yIoeJhjiVuaZv4ZHmA,4.6923076923076925
4jaALpR4I29-SIZ5C1o_5A,3.8
4k8-O7_KsCZ4I8ltrmeszg,5.0
4lT8Sh13Gze4YzqrjMeieA,1.0
4nmenZEQhryWEGJFt8iKRA,3.0
4o1N_CMDR_jdomMKIGCGxQ,2.0
4ogd5u2JhzgJvsF7TK_CNQ,5.0
4qEixHIdVQmnQVtxEErOxw,5.0
4sTaiQruMMJ_AdpGkxNTIQ,5.0
4snGc57G79_goGso7YL9Zw,2.0
4t55Sb9C0lnsCyuZhjcP0A,3.125
4uN9zJtVKf5BfUt1_vS-ZA,3.0
4wiZUhxmC7W6RHKCY2p6gQ,5.0
4xh2rWLpr9aOW9I8YN4-vQ,5.0
4yihQrVTYRRuRAA4-joVeQ,2.5
5-0yv3wd_8uKZbqdfDlkzw,4.0
52UFHEOg1nuRdHCHZ7zwyA,4.5
57PyRW-iahNX_Ur8icAfxg,3.8
5AHqFPtBw34pUsfq0eiUNA,4.0
5AWyi5ROooZiljEt4wc-cQ,4.0
5AfHTvp-T9JwHBJ1gupJ2A,3.0
5GT0My-tk3Lh1YvYY_cTBw,1.5
5Gx4M2rRQ9wIhw66gNnxzw,3.1538461538461537
5IL7unC2D3G8X7vaIfjfDA,5.0
5JE9sGqhfgzg-6T6g88UzA,4.0
5JXhbynuQUd5kn7gYRLD2g,4.0
5LENR0IthLzoK9vgDvIxqQ,5.0
5MrrXGI_uvtAIkMNejdjIA,5.0
5QSxzXNfLU-y0MQ-WqViYQ,3.484375
5Rl7APJCrpAlaZ-olTwbmA,5.0
5WU5wPtC9DpgwWqkQurAnw,3.7142857142857144
5Z9BWcCSSkqTYivrB0TT1A,3.911764705882353
5_j0U9nX2619tA9WBYETgg,5.0
5bnD5bKmEyR6OZc5fSiyjA,4.0
5d5KsQZSjd2k7HGxfPhssA,3.0
5dcuntZ15ZEi72eWYRYnfg,5.0
5ex8kJCkvwSnDk_YBPZiMA,1.1818181818181819
5f6Om7sRKAWtsdKw4cyfJg,4.333333333333333
5hOAKe2MXiiW5sUnFdsuNQ,5.0
5k8UrBsK-83mav-XcI66Qg,4.0
5nbw6qmb2DHqv7l_1wJpkw,3.75
5oWImQbhTAEWoD6Nhz01iw,5.0
5pPUUnsVe2u3T3a3MCYQxg,4.0
5q-cLosO7SaGaoTjuF92fA,4.0
5qiXi2kNvXlhUZtcUsYiIQ,4.75
5s9ntZVD45n2CxboZnLbSg,4.484848484848484
5wxhojVIFtOfTS7TOBrQLA,3.6666666666666665
5zACwnsvV_G9XTSsmWsu8A,5.0
61cDVb0Nx6ov_CLWMjWxzA,3.3636363636363638
61q-Efp25H4Spyc64ZWbig,5.0
64OV1hQ46XWDflVOPWhUrQ,5.0
66-K1gf6ToEqd_jo5iUvPA,3.9797979797979797
67w81wXIS2aRlfviFPlnZQ,3.0
6B_N8zx6PaAu7zCKhYVVLg,3.5
6DlntlLnsPcosfCoyd6T1Q,3.272727272727273
6HxlGhgqNKN-KcoKuGegvA,5.0
6JWDv4Od4LUr4UvbKuai6A,3.5
6KPItRRz_F8kpDnjHlXAtQ,3.0625
6LpFeZ9DTfEJR8_M_EtSwA,3.0
6NEl8sGhKll5UMfYJgkbHw,5.0
6QRmthF8jBUfSMDtx529SA,3.0
6RObl38FhMoUz3N7EUp3LQ,4.0
6TERAgS-B0qwxDT-X6NTdw,5.0
6V-_fOaVf_JKGWxA4PvDDA,3.1
6VbLHREcaWymbKU5ThXaJw,5.0
6XVrXot96T7oRFPFHb4nNA,2.0
6Xbh41PvEtxzibI_FufiWg,2.5
6YF0rFSv9SgLkLAfI_g_dg,4.333333333333333
6_PHtHLhghGESuxTc47SGg,4.75
6bDKfKmmO0WHygRLPSYhKg,1.0
6cEDVFQWyc-vKUu9BkB9BA,3.5
6cmVmhzc8zRg72TtEX_WPQ,3.0
6gAj-qu9O6iO8_JhLVyclw,1.6666666666666667
6gUP88UsbQIYeiHT4HQGAQ,4.333333333333333
6h5fsLQxZFHVtoaYMvUgjw,2.0
6i-c2rhUQasTgHu0f6mAOw,3.0
6jTzrKHZwk9WbGOd3EepJQ,4.0
6tQydtMOQa810aixX5bjSg,2.5
6uHZp2gEACbXPahtjLdibw,5.0
6v0fFTgZgtlgekrCS5rXaw,5.0
6vGS-LUGKJ7_nftp_GSuaA,4.0
6w_woCxEU6JECjr1AimYqQ,5.0
70WOznUwoZAoPKF9AQjlVg,1.0
70iaqce41qW6C_KU-yb4Jw,3.0
745eW4lDLWSCp61z5e0LjQ,5.0
74GJhQVpEYbBHrZ1hK-kag,3.278688524590164
79PQhyLMS3fha-NMeDKbHg,4.0
7AkG2duYnqJPQA6Rgdl6-w,1.0
7DFfcYoO5B3S9nhgxgOHWQ,3.6666666666666665
7DifqTEQZq2UVMPioKU0fw,4.0
7EPdAZM3oRuEqOdmiKsudA,4.0
7Ees_Pd8ehKBMAtFzjPpyQ,3.7439024390243905
7HkdXqAPiujN4CIQvPcw4Q,3.6176470588235294
7JJc3FxIjASbBCqwdUjeRg,4.0
7JmUWo4BDdUm3BQbp3e5tQ,3.2
7JteYLXKP3QHgZ8pu7gfKQ,5.0
7KX0ZvI7j6S3nNMXelrllw,3.6
7MGIJ-_nVHyD3EIRGGlNog,4.5
7NyqiK-2WV4wZ5N7-b4oqg,1.0
7O5kbUUGD8hTODAFUMwRLw,3.142857142857143
7OdQ5RCym_Vmzz4RKQ92Hg,4.666666666666667
7PF3v2I9FF_ow_mklrEjoQ,3.6666666666666665
7QFwP0fM7jNA7a6ors-egQ,5.0
7QbiMMoxyre9CMC66Y_h0A,3.0
7T_5XiktNAS_YfIgQmZVhQ,4.6875
7UKAxVZZrr0S_SSJOPpcCg,3.3333333333333335
7V14X7-6zgaKXIXPOkGrpw,3.5
7WhnBaYxhFoShht14aiWwA,5.0
7YQFD8xt0Vim3G2lkDVDEw,3.0
7a9BG-eTJahBhyhqKqba5w,3.3333333333333335
7acqCZbZfoef4BHqPExHtA,3.7142857142857144
7cHaoUstb6ozaYt6dJYYHw,2.0
7dqsx2p9XepsT-vzrumNUg,4.0
7eQfduUHQS24-e8qm4xG5Q,3.0
7eRnlfZnXvsZ3M2NbddDdg,3.0
7elMK1K1_RAYXIrwqr_7fw,1.0
7f8uMBclWJTeFilXcLpYxQ,3.0
7j0YiQZu-eQBoFgFnCzLDQ,4.666666666666667
7nKa_g-y3VqoyuBP2bHahA,3.0
7oOLIcZ2EW_eendvv5bwuA,2.5
7t91PqHRTp-bIvhUqtfGrw,2.5
7tSYZrg-1hcOEBX7LYZfbw,5.0
7tWRpnfuqXRnG9m6oU2CSw,2.8333333333333335
7ta8vOMX7bvuQCtioRHuIA,4.035714285714286
7xpf5VhK73NN3gcb4gbMCA,3.5354330708661417
7y0PNSJwGNuwDq7iPjjBBw,3.3333333333333335
7zXVHfCWPnoAgU2pEbaazQ,3.769230769230769
8-_t8OMafccw4uzFq6ltfQ,1.0
805Eet98d1iYxSUIpqnYbA,4.0
80M6LKNBX8l34n-UeueZ8w,3.1666666666666665
825fYVYc196vM4V3XQbXSA,5.0
83ybpCKUqLTVjSbfpPq-dQ,5.0
84uHsT47dc-nKnlsT3YAzA,5.0
86ujmqHxC3u-jrXxg9ePwg,5.0
87NieBdwm_Z2rQuChErmbQ,1.0
87zNcTQbHJ43C5YOkYQeSw,5.0
891gUiFELRryVB_j97cr4Q,5.0
8BXbNpuPz_WR92_LE8V8kQ,4.4
8C7chv8xmQklcl-7okaN8w,2.75
8ENIpQXOYBrV7mAhP8rCYA,4.5
8FHG3LVCCwCQuD95WSNrCw,3.0
8HKsbnZ231AcgDKH6ZQKtg,3.5517241379310347
8KYXbJHqrlpHIcB1JWkljg,4.0
8Khhqj5KQrlUrH1_3jD_3w,5.0
8Nprgtjrb56b69W10bs4MQ,3.0
8Pgml94L3h-_SKq1quxdcw,2.0476190476190474
8S-ZArRn-2ppHxQUZtq_0w,2.8333333333333335
8TDj7HZT-yEovugPgOFUYg,5.0
8WAT1ttmwJRZG3KQuv7FKQ,1.4
8aOXUV6gzjvoPoqYpvnKKw,3.0
8abTVgcVxYL8jrDfqxXvAA,3.2222222222222223
8cPOGkYpvg1-u1gBN85khg,3.8
8cuL_nyzLAU4gQYHjomO_Q,3.5
8dtiiOaVA9tCyd3nL6G5Dw,4.0
8eOkjYj7qvswGQMQiUQw6w,4.5
8eW79e-GQYMtSbWIUHMq-w,5.0
8haIm79n-iHKyOevxfBejA,1.0
8iUeKAAImz36gre89sCxkw,5.0
8jQMdOnX8ACRbMwJbSoXAg,5.0
8kSbc9R-X1syG90E1eu8JA,5.0
8p2TNg1jXZ26jOTbYa8OjA,3.4210526315789473
8q7QJz5JHkdwwSNNCJ2wAg,5.0
8qzvBdw36Yse48BJFXe7fg,3.0384615384615383
8u3CpsSHQD3ek3rwLVi5eA,3.0
8unbzoMwSb-Quu27qMOvfQ,1.0
8vIm1ew3JMD_duXa9tP-Dg,2.0
8x4UAc6VKtXoKi6ta3G_xA,5.0
8xGzvcmrZ5EJBOKylpsslw,1.0
8z4pkwkjYh1J6EQz1iULVA,3.372093023255814
90asHUAxcCffrGeQiase4Q,5.0
92mM32eP2qYM8y2jRZCWOg,5.0
9BjukqFI9B9zVZxXXHz4qA,4.0
9BzX8uv427cJmyAnLxwIHA,4.0
9GdFbohrbQqMCDWxVjtocg,2.25
9Gsa_b43Qh-qDysVRo0rWQ,5.0
9H3Udc6CHiPEwZlKfi0oQw,1.0
9HT6DKLyW8oT02C1oa3iFQ,1.0
9I-yCF4DJiGzt0NKvweREA,3.4838709677419355
9IHXW2vB6KzGJFsKTLmdBg,4.0
9LaA6_oGpgHCJWhlAkbnIw,3.493333333333333
9MOI2_Pbjv2F3JlN7qWjZQ,5.0
9ONbcN5_q9ZDm6NbWhPaTg,3.6666666666666665
9VD-gk03Y8qVzHk-nD_okA,5.0
9WKxCeM-I9S3alAqiluuOg,5.0
9YbKIecs-KygRtRtDW7rBw,3.6666666666666665
9YnVF13uevZvUO_kFCTKpQ,5.0
9aNhmG7vomv0uIgbbnvHJg,4.333333333333333
9eOL3a9QfKKyMmi0at73lQ,3.7142857142857144
9htt8fKKKG07eBPszNMg4A,3.9183673469387754
9iUP4RolI-vmHLImZIvcGQ,3.0
9mXXLyWZHB6GrXP02rjImw,4.045454545454546
9oDWR41ZeUFAvOWCiEglCQ,1.5
9qjhVmuL-fMLnf0Y0u3r_Q,5.0
9w3eu3ra1HPLz_8REiFjNw,2.0
9zFTM8ZCFAyYIcF6zEiA9w,5.0
A1JZZ8F5hg6F0cGsxIXipg,3.1728395061728394
A48lL3cEF1q8tz5STNvH2w,3.0
A5K2m7FwuUU27lHyAwjGXA,4.236363636363636
A9tAJqtGcIhmT7mz4hmGmQ,3.5
A9wblr25wvwG_KYBdR9Xtg,3.5
ABV1Ow2DMdBZAHVz5RrcOw,5.0
AC6Ih0RX3CrhSfpGDRYV-A,1.5
ADvyx_tqnESKuKEfowgzyg,3.1666666666666665
AEE88otvh7TEo0v-JuAhtg,3.625
AJc7NES7-nHIkyfS7HN5Jw,5.0
AKDAaTltww4U-GYY_WaQ6g,5.0
ALKBiAyUhOsyZL1_o1nEEg,4.0
AN6mxfLVu4_Juc-75_O55A,4.0
ANuM4Ymv6mRmfNwnkDVL5A,3.0
AO83FW-KEkwzxC0YcvGO1w,3.7333333333333334
AOQCDXY5KOkPd9-OCYgrug,4.0
AS8V9HVQ-DhTomXCKPMWfw,5.0
ATIGFlDUYo9QRruh-o8GIw,5.0
ATzRpvcNVnIKUOfoXkX2Fw,4.0
AY--QU6jfbG89V-4M6hzxg,2.0
AYdOe36tYzKHglzisR88Qw,2.6666666666666665
AaVl-ga8xOWAUCDGSYjdgA,3.5294117647058822
AaitOffa8IQQPjiOvKzjBA,5.0
Aatx2OTJh2XFWcnNP0LQ1A,2.0
Abdu_0BgWWNtXSa1IXEGjw,5.0
Ac62XmrbvgRkS_FIa_C-Dg,3.142857142857143
Ac6XpH8gKVuQs0VXh_BZIQ,5.0
Ad46pgx55ijgn-JsJs8MFg,5.0
AgN30Sf7VIRuicScI7Vc9A,3.5
AhO_v_j3bRcSYu2KwmfEtA,1.0
AjixnGg8zNKIPdWuwJAJKw,3.466666666666667
Ak-f3cW7ItymqNj2MAlWCA,1.875
AkcZ1fUyB3RocKLYGFu20Q,4.680473372781065
AkgXz0d5vVhdEOk5PAcZoA,2.0
Aq3ED5k8GzRyNELKBI85nA,2.6666666666666665
ArT0vbIky7FvWFpPoIerEw,3.3970588235294117
AwvUAybgcaxjmy5GeYSvMQ,3.0
Ay1HGCfMznzki1Xg1IePLA,3.6875
B2Wgw3j602wu9o1bbdXQNg,2.0
B38i592DxtgqOC3-n7bP1A,3.696969696969697
B7KHPOGd7bKtZUXzTS8kKg,4.4324324324324325
B8scdkaVSwnWeqORgLPhVA,4.0
B969YTWurpHafrUMazMZxw,4.0
B9XfSKJ3vwbFwn8IxUJccg,4.5
BDi1mFX4KjH0fWqpMfcW2Q,4.0
BEB7eYric_ab6KVGseD1WA,2.4210526315789473
BHSJyn_HnqbT5NCzI6Y5ew,3.0
BIIePPIF4qMsTfgj5uaG5Q,3.49
BJF03kYukVqSD_Q6YalIIA,3.2857142857142856
BPg56t_UUCjZCK6i0o6xkQ,3.2676767676767677
BX6cBHdGLa_1N_9yk-A1Kg,1.0
BY4BLBqjvnmxOzCq7HubNA,3.8
BYleLXJjgftdVjcLC7R7Ag,5.0
BZMOr8NccKwm8SoOEKhuNQ,3.0
BZ_M2gUQcq1AICzAIPPHJw,5.0
BZaQ8TlSIc4NWF1wPdBL6w,5.0
B_tlw2aouzdioOGdV-amCQ,1.0
Bbdv_Y4ZuvdTJ4Qfj1F2Pg,5.0
BfQXFqVAeI8mI1YkJCDC1A,4.0
BgafIDKCk2FBjhmNozYm0A,3.0
BhPhzVeLpBQrTIxb9pW_Aw,3.6666666666666665
BhQY0rXqmEAuHmOpFZvBZQ,1.0
BhnzQNznnPmeqRJWvWfT-A,5.0
BiI6_yFzsFySUu44kuo_DQ,3.0
BjZ1dWcQOt7w7BsMszxKHA,4.461538461538462
BnbURZypzVDFe3abss6nMw,1.0
BoN3cdveQRdz3PCP4bv-jg,3.0
Bpf0-FR1AW1krzAxAt3C6Q,4.666666666666667
BphyZ09tuDuJ7TPr1syPhQ,4.0
BrE1-B0e-XEk82MCxtcKkA,5.0
BsAVSCMwnW8zUvQlq5DcJg,2.5
BsIAGj_TSBotch0F_k6bew,4.85
Bsxv6Z8mc6cASwHewdHAUQ,4.65
Bt8bjIfRqajkZpOD35lHuA,3.588235294117647
BtK23w89ajCU2KL48aYlCA,5.0
BwOxNRVh3HiQp1dQhw4TrQ,2.25
Bxv1U36_1V7_ijHA-20j2g,3.3333333333333335
C0NKUdF2dCfWeT_tPkz8OA,1.0
C0f9XbpFuvp_Uz-YwV1NFA,5.0
C1UU0TC9SFJxO4nJJG1kRQ,5.0
C4X3wf4H_UGReOMcq1NwcA,4.0
C4vOSg6AWI5PpTlbYViSYg,4.444444444444445
C7x4BDnSqkVYYVUA2AjzwQ,2.0
C8ycApy8b6BvJh39zMZDPA,4.0
CAzG37-2AKQ2It-zbPcT9g,4.0
CBnS3K69RWfzyaOsPB0SOw,1.0
CCFA0feECh-fTCQryh9EdA,4.2
CD1bPdi4lLr8gHEdqEfwWA,5.0
CGEuI2AOrlm7uGf9XSTh3g,1.5
CH3fWCUpdGXcvI-LLB_oBQ,5.0
CIdNaZgNsZN-NYDNgkTO_A,3.5
CK531JtKB8BUIzzLDAgoWA,4.0
CKWbKygeCD4vbGQRd_xrhg,4.0
CKkPrpWjk4UCmPd8--gJhA,1.0
CLsuTWOWHzs4ws4NDr558A,3.0
CMWLbsd_KKKJAQDIYUw5kg,2.0
CScWfx3gma8qdR0UrmWsBg,3.5
CXWcgEmNQ1zSjiIU9--HOw,5.0
C_DfZrAzebMCQOvl7Ajn0w,1.0
CbmDIicYRO-Ah9YqcMTq7g,3.0
CcF74rXy_MckEcC0oXS_tA,4.538461538461538
CfOzZD-lrb6YLN9aKUXhCA,3.6666666666666665
Cgp5TC32OpO9Vg3Ak0vnrg,2.5238095238095237
ChtaxiC3WKWc-JIXi2Yjcw,5.0
CiqJMX0NPdu5CGZxoq9fmw,5.0
CjpNrMCMOvUOnLhRnCCBcg,4.5
CkBkSh2KdwQhkEeIEQKv_w,3.5
ClGCvFjdyzSr0L91NBaEtQ,4.0
CldLKPhVsZfnRiHndJOxsQ,3.4
Cm7HjxpmX61s4fV3QaH8bw,3.142857142857143
CmZPl1DVLHu7r4wvBaskCA,5.0
CorBi-hFpMlxjZagwzHJAw,5.0
CrgpT9xXUXs7qE_ZnnD5gw,5.0
CsDmMv1n9_roBhGmRvk02A,2.88
Cuef-qgUs4DB9tKwmynpPQ,2.0
CwM3eaZupulhLZzmXqUvKA,2.0
CwPi6NVuJIZZx4IBcTekFQ,3.6924708377518556
Cxn49EZeLTLhyv5BeaHcNA,2.9
D0BKmF373uEMzVN8up9wAg,3.7142857142857144
D1JmJXybk0GWD9c1f8SSkA,3.0
D3tzOb9LneB10eNNooZyBg,2.25
D4FI8Wzju2fKrdfXnseFGw,3.5
D4tTwfLqr1un9nlcnKELbQ,5.0
D6JiMjwm4P1Lry2t_PStRA,5.0
D6MWQfG-roA9XOJzZpeSzQ,2.6666666666666665
D6S4CAsbUuxXC90_gm22RQ,3.6
D6ab-U1SPsNat9XL8j5RJA,3.75
D9tRmqYH5zT6qf_lYHna9Q,3.5
D9xDOMt3bo0InsJuUHBQEQ,3.0
DDMczEYz7dUhGzADHi-RdQ,5.0
DEoGiMFuD8c97CRAKqpL0w,5.0
DF7-E4c3sDhqLJ16uUBTTw,3.5774647887323945
DGd2OyZ-6PBQ6Dyhx1YvLw,5.0
DGwbgm5zfEJZ2UGCahkUtg,4.8
DIrSWKoUA-Wut3FbmBWOkA,4.0
DJF60pJfykZCtK0Vj_poaA,4.0
DJnCi-19Hr5MqdmDmfD9MQ,2.3333333333333335
DKSWVfRfUav824YuIEfFnw,3.75
DM9ohBqvNJIIWKEs6OZiAw,4.769230769230769
DMPReB9BRW6GCS9sDMql_Q,4.72972972972973
DNTObJfENaR9cZTQEUVn_g,3.9166666666666665
DNy0sRymG0_nN-9KjU2FFQ,3.230769230769231
DRieUeenzl92TSycW4MaEw,4.0
DWRJ-OU-t1Gi1hebNBKMHA,1.5
DWmW-2mJGFcushuRM1jQVg,3.3333333333333335
DYYiDNJg7rQrX01QmU3WKA,5.0
DYs1U5lXggLCzEzSX5bsVw,2.0
DZ5avkJwD5_e6Gm2PYHXmw,5.0
DZhzxc_NReUEnVx0fz_iuw,3.9523809523809526
D_BsoId1GANxzpr5Ly6HuQ,4.0
DakpzC-BIf4Q4tOvUPXBxQ,5.0
DiuV7R5Eg0qKdRp8JrnXGg,4.75
DuMmceW2bXosAevlUMOV_A,3.1666666666666665
DwugY6shrqmzAe4NGgjDyA,4.576923076923077
DxcTQUoY5ue-Q0B9zBDpgQ,1.0
DxpU79j-eNj9zlHNGn6vcQ,4.633333333333334
DyYDnfJtcXz-y6SutmwgAA,3.0
E-9xOANl4ZXBKhGBFCNS_g,3.8947368421052633
E6ub9_cNXgeBq3tdNCxjTA,1.0
E74hFspKIcrcneV_VUP9NA,4.666666666666667
E7qqDy6RFXr34YR5QFPRNQ,1.75
E9qgo0AI-MP1iRPq2xPGGA,5.0
EAN6sG5tNV8JXab_KgO4pg,4.0
EE0vItfhQAnVSzQEHeoIxw,4.0
EIaNN8vE9IAv_J1o3avJXA,4.333333333333333
ELAeo_uNylQppUm5BDplVw,3.6788990825688073
ENfiSGbuKEI0UUKPWPJqtQ,4.2631578947368425
EQAXt0ylHgZ4K9gy-ECxRA,2.0
ERpI_pVlfwFK7qtHIu9XHQ,5.0
ESyDB2ssOvHzMpALZlziiw,3.4
ET7tYrUYnnjvDEq7Y293TA,4.111111111111111
EUKauPI5hYOJ0J-2DB-C5Q,3.0
EVfDdnzukMsSnPxD4gFKWQ,3.0
EViM8bvKUwkByw3vRi84DQ,1.0
EWEq3kJkBBbttckov6A2VA,3.272727272727273
EZvf5KzJtpxYp4LTG2HIMA,5.0
E_omJuxH8jSr1ugyifeYzw,2.0
EaMEbIx-DTeqnByZI73mMQ,1.0
EcV-fa2APc8liAF-3CAAIQ,1.0
EgtgJAvBDgbo9i-AYqgDsg,2.0
EjcKN0VOdlzK0tyDWQRDdw,3.857142857142857
Ek6Na6DAWd5HM6hZFjoZhA,2.8
EmR7qNfeWgsOYhrKxPx0Tg,5.0
En7wH6QM_qpJJUsn6TeuTg,3.8181818181818183
EqOOUzDVHTh6ALj9hnuqZA,2.6666666666666665
EqUoJMUUcfTqFf0-FSp5zA,2.5
EsBZdYKI2zfe6c6RWvWWjA,3.3333333333333335
EuavJJCwwYlgV8e8dTAQHw,5.0
EvfP5f3QlTD5sOT00msKhg,4.666666666666667
ExMjZMbyQv8My8eWR-0L9Q,5.0
Ey66ARHTBSJTQ_Icx3MgLQ,4.0
EyDdyspeR0nryPfwi4Lgrw,4.0
F1w3zyLaLynT1pPf0n-jsA,4.5
F3wOjMvyIyb6Q5LQTzmHiA,2.0
F73xWeDRwTl7HnyTt-4Ssw,2.94
F92P3lXhbnKxJkZma8BU9Q,3.75
FCtwcukjwJXhVcF_8ARmjg,4.75
FJCzJIl-Z8BIOFN4tO2U5A,4.0
FLpRT64OLTu8TiD_-m9q5w,1.0
FLwOlXqp5kvwnii3UQ2rLg,3.0
FMwj-CNNLCgJr39nUjNqrw,3.75
FRtIYVMJemHI1dEozthimQ,4.363636363636363
FSPnOeRkCua_iVdxevAzzA,3.5569620253164556
FSyTdSzTLQQzvg6R98kcUg,1.0
FT66YEeh10BGF-8okXS20w,4.0
Fao7_Ku8gO71jzDdYJEZmg,5.0
FbkdLXAfRd-c_G0XF5ZHIA,5.0
Fd0boo2NJM7W3d4GbjeiuA,3.0
FdPEvTeRSQ_ybYaO-zAutA,4.666666666666667
FdvDkic01XqyXwEJkC8tBg,3.6666666666666665
Fe8sXmiAlZYJa2JVoDfFHg,5.0
FeLsm81BBh5hc_60nL6j0A,2.0
Fgl04axrbbbEe3ckVx0FVg,3.1666666666666665
Fgl6UGBOuVnA-JJ4z06CKQ,4.0
Fgr_vkAk87ZXvMPZiVT-4g,3.6666666666666665
Fi3Q-cQgYNKQ2MU5ghw2kQ,2.0
FiXyTC-66csEnwNV_pd2dQ,3.5
FkaJ2slX0XtGJ3UB3F6Olg,5.0
FkqjpnGp3zz1DWSJ1J3Rtw,1.0
Fm9taVa8HJIwCH1LuWNhGw,2.0
Fo9xKM932V5KKr4Ss1EbJQ,3.8
Fos7JzYR5NkRMf1EdzK0eA,4.764705882352941
FpKLhdfhseoz9-opJZqqow,4.0
FpUWl1hCxH-Go_J67Z_TIA,5.0
FqYdC0xCTl6dKFWcn3yrtQ,3.75
FtHEH8uAV3AQBoHwUw-HfA,3.2222222222222223
FvY2gBs_8FsEVbl-zUFkDA,2.857142857142857
FvyAJUEPSBtXYLYeHsrcng,3.0
FybqNCHWGhvc3s4i4jUh7g,4.5
FzSU6hSnmw9EIGZVhc7gLw,3.0
G2NgTsL7YNUVROE0SHLdeA,3.6
G2pLMfDJEx_Vf6eSwTKPnQ,5.0
G3hvqrDo_Sdq5mrJeiSIaw,4.0
G4OqlW6t0NDKPSSYPYdR9g,4.0
G5-HZQ4xS9ytCq74iNb0DQ,5.0
G6SOtbB7mk_3ePBCquzqiQ,4.833333333333333
GBapY3XLkXF4Fy3MinUaRw,1.0
GCBnAGTdQdHXuVfXpmAQXQ,3.0
GFPK6CK7PMnpgIRbQqJanw,3.142857142857143
GHGpU0tyI6dXGnwtiv4Cnw,4.0
GHK0kh__Y9RXF3yfzXN1TA,3.5555555555555554
GHNQCN1t7TONRNLhB2XBZw,2.142857142857143
GJcVSVrqllB6EGOP2Q0y9A,3.0
GLNu0E1YjgTi2B5tp_uxNg,5.0
GMAiETrL5SqDKpU21dmDWw,3.0
GPObp3UxGcrQEhGHZKzwtw,5.0
GPdbhW48nofVP492dtmJdw,4.526315789473684
GQD7PdHUVyIyMy4MSOC1sQ,5.0
GQQyDwC9yeD4raknWhzWnQ,5.0
GUpfSp6V89v7nPE_332FhQ,4.5
GWLEubx9VPoS44Dfjsae2Q,5.0
GZdevx3pW3QFRgIZm-KtUA,3.5063291139240507
G_gO10LAC2WzkbWkX_8q8g,4.625
G_lyfDU_YAAzGAqWQoP-HQ,4.333333333333333
GbeOhvT5BDm0Pdpz4gO_ug,2.5
Gc57b2kBfxm-SlOoaMPWPw,1.0
GctlGzQQ6LTCvwR5nZAwdQ,3.0
GenuE1EFKycx40hPOwIcVg,4.0
GiiTjlRjnoa79joXrlZO9A,4.333333333333333
Gk2hQCxbreBH9v8Quv0hew,4.5
GkPTDjjVRMj1G8-BJkS1Ng,3.7058823529411766
GtAvO4mAIiPGnMRuX-TAVQ,4.0
Gua4OrHjnnYaMFDgvmIt7w,3.5
Gvvzabgu0437UkJST3LLHg,3.0
GwQ0WYheEhskGFdSBnb3YQ,5.0
Gx2i1Bo3L_oLdofifPIaXA,2.8933333333333335
GyFaBNaDsEPA2tgWwy6o4Q,5.0
Gzl_TZxhFzbIWzHUMe-CXw,4.0
H1M_FSQttQJvmQ3GTyCBNw,3.1578947368421053
H1pVyEGcgIykZuGZJ8OAgA,5.0
H33CtHCGvJm4Zz61WRzEow,5.0
HAi3k9o9P6yOwGGuulHEHw,4.5
HBDov8XkKrjHnLp97vKbrA,1.0
HBvhP7k4EGfTcI88Wg3DXQ,3.727272727272727
HDPvTnor09K7poNFg0cKqw,2.0
HDfnZVfAzdZ3_B9iRrDRAg,1.0
HGlmjnyrFHxacm_gK5nzVg,5.0
HIHnt6VYFDJk5evyf9SGyA,3.440677966101695
HJ8gIP4jlcjrSLKTkZbohw,4.130434782608695
HK17waspj4xzdiRrWTEUTg,2.7777777777777777
HLxEGFpZpUZteStzmaigkw,2.53125
HRvdo6JwN-f1Kzwuqla0hA,2.5
HScVzkwJe__QWDaoU_Q7dQ,5.0
HSoa0_zcR1Ek8HAcwdJNDw,3.0
HTBxJPblBauNNCm_qSQjSQ,4.5
HTOFpNfbmrL1AqdzlOvB1w,2.6
HUCP75ndJsQ-uFuetNG8VA,2.5
HUhWYvgTr3hQf5vqlW8jjQ,4.333333333333333
HVjgUltrMLAivfhLhcPHhA,3.0
HVvqSK8R8McWDESQodLrdw,3.875
HWn961vB3Unnsl9hgoVElg,5.0
HXBtBOCNIM-0VK9zMqjYwg,3.2093023255813953
HXilNqjuyFK_nbHetZObNA,3.8333333333333335
HZ2xXev9WCgPpsv5fd1Qcw,2.4444444444444446
HZiviYm5cxWql1glfKMz3w,2.6666666666666665
H_253MJ9O_3QFInYPVWA6g,3.1538461538461537
HbZM4AiFef0Qd875QsVIaw,4.201834862385321
HcEGOAVr7NtSZxzzoIbDyA,4.304347826086956
HeAzjvJwVzt_5SjUyHnTwg,1.0
Heka6aufwZgNmtKG-zrnfA,5.0
HgB_Mq3LN5y6TDRgV7ApYg,3.0
Hi9Ti19JIio4IjZKxdBZIw,4.5
Hih9Wob755IDEQLGs1uzdA,1.0
Hk43wVeN9CCjKtTAJhT4oA,2.9285714285714284
Ho9LOYC2W5qpP0uIp7DmQg,4.0
HpBixiUl3JSlUc-SI_ZzIQ,4.666666666666667
Hq5jguzM3mULQJlebVulCQ,5.0
HqZ_5ZOOkhsTVHLBAmYy1w,4.0
Hr2Mi3E4zk8wajxB2L-dcQ,3.5
Hr7CPMigyfXS39whVOtyXw,4.0
HsZ4FNQ1o53uDCC1dGu8iw,4.0
HwJ3e7RdBGldcUs_qQzkyw,3.0
HyAf-KxhUbaY8Izl3CdD9Q,5.0
HyodqVykvcnp1-DIoq0CWg,4.0
I3OB8R8TtN3dvNoxFUp1jw,1.0
I3i279yB1x948IYdwxJqnQ,4.0
I42J57kHMtS-2fzuUZP5Hg,4.0
I52XuZYccQCChmLOxYFyWA,1.0
I5HsGfTzCzyKHP6XL_Dkbw,3.5185185185185186
I6aGUbZR5-umEVuBNSqp3g,3.088235294117647
I6fNJOS2Sa2QhSPjH1wSVg,3.9285714285714284
I7ByrR9WyNO6U1GQR0dmYg,5.0
I9-odfGhqygS_wRZH6Qvcg,2.888888888888889
IBBvHxdSd5OYoPruY0UfOg,3.0
ICmQaht6pCSQ_Iky3arQpA,3.0
IDB9V999irLZFxqz43bMAQ,5.0
IDSJvCnDS0T6164B95PUog,1.0
IEUWh2gAPOjXXGZgXDwkSg,3.625
IFEFdmt6B6lvnFXHRNStow,2.0
IFrmf-ip4I5U0DjuRQqupw,2.7
IIFBHW_U75_o-X2phRUCNw,1.4166666666666667
IIvLShjyP6F-DYJ8QAcrZA,3.8260869565217392
IK8jWUpshpSSiBrOjJC-Ag,5.0
INXUGIdFAvzpGKqpX9jXVQ,5.0
IPP2ws0gZRGh52jcJsCKLg,2.6
IPPbv5-fyX-BvOC2je9KLQ,5.0
IQSdTSf_lYqapnW9LXaI0Q,3.36
IQhWLNlHEaTc6-oLR0zRTw,5.0
IQoKEl0IXf-mD6xAl6gbng,5.0
IS8V9ivSWrmTm8wU-QS0Jg,4.230769230769231
ITK4GhjAuzeJAB8RXedQGg,3.0
IUXMbGy7VNZI35co_OZcwQ,3.0
IWLGlIrX8UjiRzlwqCCc7Q,4.0
IY2zuBkaIXlpoIzgWYmzFg,1.5
IYQaGmaV6wIxm3DNu8EL0g,4.16
IZfiCBUGL0h32C9wLmK2iQ,2.923076923076923
Ic36DStkboIcukk8rw3isA,4.428571428571429
Ih_gfTmnqf_Rl3Yzr0sJAQ,3.375
IoY7yWBXXpK-547-mh2QMA,2.6
IpMo9U-WcRbCAxJRG5LRnA,3.4
IsBTQFQxzNQPRdti4JZLoA,5.0
IvLSbW_4Cu2ngDcw2Aau3w,2.857142857142857
IvaQMka1Sd_m1JnzL-Je0g,4.5
IwMFYvd_LYY8DH5s_goRKg,3.0
IwjqbOHroTGIf84Fr9Uxzg,5.0
IxuduyUqSXweO__NsrcakA,2.0
Iy3EWJcV-OXsg0NqkJlG6w,2.0
IzfrEfTilj20WeVW2v6cTA,4.0
J-i3frdwkM0prRxH98Zp2Q,4.190476190476191
J0DmCPu8iXEyHFwt2pE7ew,5.0
J1JJT2MH1eI3P9XMJpT8DQ,3.5714285714285716
J2CPX8WkSvHFxiLHqzXwvw,4.5
J4uI8m5S1Po832OYm9WOsg,3.5
J7kQCckuw2rBfTq6GuU29g,2.4
JA8YIVhxa5w8nnIolhHQCQ,4.875
JCndUTmkHeNzi5j7ylVKAQ,3.5
JCtMTpiHSexXQzFbBzaBXA,5.0
JE5KJQAdPCdtej9725WUDg,5.0
JEAl7tmxI2St0xY-3gC-4Q,4.0
JF1adUKdsNebw6-8MABATg,3.608695652173913
JFFgxyblHOKbiMgaVSl1Rg,5.0
JFRHUluXX2a2JJAcuGjo8A,3.3333333333333335
JIcqLc42jiiF5DDj1Bbhtg,3.75
JJ1yyOKfdF1H5IVUAUL5oA,5.0
JMTpfr5ID-jO1PUIFWJPYA,3.0
JPEoaXlg-f9eVbxQ9BVNrQ,4.5
JPandDiT-oIJ9wsun8K9Og,5.0
JXH9qzmaVlzql48kIVucbw,2.6666666666666665
JYdgrTSiQepi_YqLx__0qA,4.235294117647059
J_Bj4er_CiQPZ3hd4b-CHQ,5.0
JbjSNHIcObEFmTSAdfoacw,5.0
JdWKoJqJ-oXhMFkCJ_HvOw,2.4
Je6lscSmqLp29IC4AyYiCg,3.4444444444444446
JffypxMz3Fqs82zmhfRlHQ,4.333333333333333
JghGUoSNrKvvilvA1x5LEw,5.0
Jgi1sV60-L1-UWXcUmoJAg,4.34375
JiiSJzEBK4J16aumI0r1JQ,5.0
JntMBuVk3FmZGH7qPB5d4w,2.935483870967742
JoK2Kh99t8HBoiiu7ufrsw,1.0
JoRZpU0sP9PBqjr77bS52A,2.0
JpiEm9aCfV7owN3cz9VsYw,1.0
JvQLQF7tMUYhI6oRJFB0xg,1.0
JvVLk1UAUjQipm5VL4Pv0w,5.0
JwSpQgmLK-hHb6lNX_WtQQ,2.1666666666666665
Jw_CkW3EErBDkoGG8_10VQ,4.0
JwnXfTcwyIskzBqAsFI0JQ,3.5
JxQb5yNjzXFCUGbNfPODAQ,4.0
JzHbxRPZoE4n1Qq8yNU2ag,2.3333333333333335
Jzt4-3tp0jOgpBcHoFzoaQ,2.142857142857143
K1oPjrLkWMxYNDNR-Zh7IQ,3.0
KIku0VNJzrrzCiSCTBBNHg,5.0
KK1QZ6t4d1nQmikfUR_dwA,1.0
KKY9Gtv0DMVUOh6rCg7LhQ,5.0
KMzNy0ziNGDUSAschTXB9Q,1.0
KPLfcDsc41q8OuuH4Ztq4w,2.0
KWo9yASXYlUveU1gcgpkyQ,5.0
K_7Y7R3P-cO72vaAvTWdKA,2.0
K_O65mv_gdgh9U4M6S7ovg,4.5
Karumj1DrAOMxJ7E5zW02w,1.0
KbZ9cSMoAIsTWASs6m5mJw,3.8
Kc77QYobsr1E4Wc3UOTfBA,4.4
KdTYm6S6PyIIEfYHHONZkw,3.56140350877193
Kj7ewmS4epCpobQlvQJIuA,5.0
KkzsRED5K04JLpu7HsLqRg,4.0
KoTXswYJEnuCBi6cKmH0sw,2.0
Ks02TLl-OxNqisQdobQo6Q,4.0
KszL5_RXtkgdLY72me-MdQ,1.0
Kth7c0KJwvjMTMtZK-5bqg,5.0
KtnnU3K3pdTRrvJlt6yPEg,5.0
Kv0Vj0v29IbBETETKB1xGA,1.0
Kvr-pWphDCPOXuFA-eKOrg,3.0
KzKScdvBUFJBapx7myC5sw,5.0
KzsssD0-MXw6vEigm7LHFA,5.0
L-u-0KVkl8KiK8IwhmejKw,3.6666666666666665
L0KwVaOFjEP5u9rZ3HcqhQ,1.0
L2tydki-ctG2D8CW6cIjXQ,3.1666666666666665
L4dd1ctVWhWKOQ8AV0PLOA,5.0
L6JrdlwQuef0PBehsLeSLQ,5.0
L8WtXaZr2EBLUwIJ9zyqUQ,3.375
LAGftlwqIkRYVRtx_81MOg,3.5
LAzr8BZxZFZf5XbfxDi4SQ,4.0
LCpwfdf5_kvl36SkZMgAiA,2.6666666666666665
LDygC35HK-fiRf88o8N6wA,4.0
LE8HOoyEohhOqXUrO7ZIgw,5.0
LHmZaK8MIGmAvvhb16XUXA,4.5
LHpygzroItKWRslDr-e4-g,3.5
LIqtebBW3kVJNzZp6Amozw,4.0
LJ4YcF-wRkWpj2g9YbCCdw,5.0
LJmpAdStpM_8qXVPJAg0Gw,3.0
LLIF1xV2Tf42p9LpEUvmFw,2.8181818181818183
LLtKsP190vsJ7ewdOlK5xg,3.772727272727273
LM1RkonuVduSCTleRaHEoA,4.0
LNtuCsJLk3E9y7I5sd5SjQ,2.96
LOYGJpj7i_k2b5Y97RAldQ,5.0
LRFClGaQAUKc1Y_nYgAC7Q,5.0
LS4L77ouSayCgRlQ6REqzA,5.0
LTimTweXc1DKTGe8FU42og,3.5
LTpsK89GrjcG8Aagdl-qvg,3.0
LVicgKWh4RONp5kjDTiyvQ,3.0
LWDE14V751GRgkC391Tl6Q,3.0
LWxq_9zOU7jVyq0NdmJNQA,1.0
LYioZA2Di7UQicjd6pxWLA,3.8461538461538463
LbwKkZG8NzUUZz-ZeUp4LA,2.75
Lf9QSvTmQ-giP6XU8iJ_JQ,3.0
LhVz6SV5-xPPlvcZ-huczQ,5.0
Lih5VgEGoXbohqVlIP_bVg,2.807017543859649
LjxcOvIa4fVe0DJnomOl4w,4.333333333333333
LmIRdYWgNivl86l_RvNFoA,3.388888888888889
LmLadcexMkHTRBv9fmlGOQ,5.0
LoLGMUvvfQBz5z_yw6g6Ew,3.5
Lpy0FZGnfHxbNzILnOW_MA,2.0
Ls0kJrMmHvG5rLBqy7f1Ig,1.6666666666666667
LvpzQgoHseyE-Grcff9Klw,1.0
Lxt9rkWaA7hW3MvH2MNFbw,3.5
Lxu-WDgIhQ4yZoxh0z1YOQ,4.0
LzQIs8DDbBnSwEsURuNang,3.3333333333333335
M1OhGftFwHjV2BhepdSOig,3.0
MA78d7N5VzAW_-AGt9Ne8A,4.5
MKIsB8wpaa1s1bz9EG-RAw,4.0
MNjHFaj1vYuI4qxBN5-CTw,4.5
MPiyh-LjfBnQW3DKf82oQg,3.0
MSdTnaiCFSqlU0SvVq6P8g,4.0
MSzp56qbC3O4TB_yFiYScQ,4.625
MYAQcmyiMFtxKTlLJ2o0hg,1.0
MYQcxiviu8q04vK76GCnTA,4.0
MfND5b4mMj44YMVwrHx6xw,5.0
MfSu-joGx1Q8a2zvG0D_9g,4.666666666666667
MfZGzHwKvEZ6R1XhXMhRCQ,5.0
Mi2F_71bagPcBKFmmLs7IA,2.75
MllYP4Fw8If92c6TNWrJGg,3.375
MrWETKbSyG-FBq6ttK8SiQ,2.769230769230769
MucuPPz-P_E7RLQ97XdY7A,3.6666666666666665
MwzZyBMwmHr9HTKpcnK-pw,3.0
MxE61_UKUvkoFkOi9ePM8g,3.6
MyCejoqGOxhPb9CIjVJnrg,5.0
N0b2FoV_dJIPNtMkRgffJA,3.6666666666666665
N1m7E9ZD8TgP7eW70xa_mA,4.166666666666667
N3D60_8SjUZOYeRV5_dbkg,5.0
N5gQFHM2MiRmhPYKfu3PXw,2.0
N8CkNmfR7AAcAw1cRdmjpg,5.0
N8yg_vxoeBrEs7gz7C6cew,4.666666666666667
N9Dr2FrVCL6oPrrlaxrv3w,4.5
NDEx44jNmhQpEMyU6W1zkA,5.0
NP1bLCb49FQM44zUMD7QlQ,3.357142857142857
NPYiLuTuclTcAT9GfL7euQ,4.5
NPznpsaX6Ii8BELKMU_e3A,4.0
NRMNIA2PJNz4GL32mHHILw,3.5
NSNyy2JteW0xvQ1rbNpaoA,4.0
NU4-xFxmnd1tYRRQalsVYw,2.0
NUD0hMQeUUc1TLoqGfT3MQ,1.0
NVofDOhgswxjE68vBgxqLw,3.8
NVxz-c-JMrx2Qe79_Z2dLg,3.0
NWXOfe_hALF0x0omNtT2Tg,2.9
NX8eGxRPpYqTDfrKNr63RA,3.5
NXrIR4LoE94AQniSieINcQ,3.2857142857142856
N_An6cIAS74b0Y9FSWfnqA,5.0
N_t2JG-ppf6qILzTZKfYDw,2.2857142857142856
Nb2BkSGHX11jw2KPrZujug,3.875
NbFEl8Dc7Ernkgv5C9COFA,5.0
NchMAWaULPPSaCIOT04cUA,3.925925925925926
NcifTdntnoWWzco0vKRGzA,5.0
NdBnW9P0D983NaJUoqQTBA,3.9
Ne7tnsbkaY21iqxEMbbs0w,3.8333333333333335
Ng-AENkvdLy2jxB5v7WU_w,4.076923076923077
NhYLAnTGNnXml1lqe5hGXg,2.111111111111111
Nj1S50plrXjrchoDuNT95Q,3.838709677419355
NkOir65b_YAAQVlJR_zmJA,3.5405405405405403
Nl-HinOTc-_ugmGUVLytVg,1.0
NlP6i_gF0bAxFpcspOv46w,2.5
NoNOX2S7IOK7L5Jreb1epQ,5.0
NpLo1Blmll-0NFGGqSE4Jg,3.0
Nq7YbO-1nLth0f0zUPil7g,4.666666666666667
NuhY1d-Kiq8iRv5htEgiWg,3.9
NusF8K3TSB6L9Vk-dbBroQ,2.0
NwZzUEGRHL95dctKFfKatw,5.0
Nx_RLttlJfTT-XqKWsaLfw,3.0
NyQPiqSLnzDjLiniOy9OFw,3.3333333333333335
Ny_y0ZtDfpQaCrCRv2Wbww,2.0
O-HYLW1zNV4eW7SHSXHgiw,3.0
O1wEEgUbCjl_g7GdleLAEg,3.6956521739130435
O38yUeSZz_oal6bzi2weaw,5.0
O3dJVSVviUBknHBvP4ssag,3.0
O4XVNYNvqoOmiILFQosq2g,4.5
O4YA80372ht8DuH5KCf5CQ,3.0
O4xh1DpjTzAv_-RMGGixJg,2.5
O5s6t-shpyDE9UKj8hI3nA,3.0
O6_v6iAhT52cl6lhqvALDQ,5.0
O8P17VtBUpqrHthrMz8XSA,3.8333333333333335
OFeI0f8oZiVT7JgxnSzIPQ,5.0
OI2Dt3B6o8rIqXxqYmhb4g,3.5
OLA8QlkFuINvaNsGWTtL6w,2.0
OLAg2LOGMz9USvA0kXsp7A,4.0
OLLfV-oGGvoo9p3aShLoVw,5.0
OO-PuBnfrdXlZWKCyPPiQg,4.666666666666667
OQfqs2ZV376PJUfl3NsbHg,4.0
OQytMuhkdIgEjHJRj83o2w,3.5384615384615383
OS6B0ZacJzIloGxxzTNIyg,3.6363636363636362
OUI4_5SByTesLW90lRfrNA,4.5
OV5FUts27nzaBRG62xnkew,3.75
OXd7OTYmiNlPbJEozpIAeg,3.433333333333333
OZAPEkfpd1Yx7_7hD5gD0Q,5.0
OaMHdEstiLYVNAXF03pKbg,4.742857142857143
Oeg5G2KeIqleLgpNxd8QnA,2.5
OgMjtqiLjU0ZgCn9ur2sqA,5.0
OhJDx104gjcgZcOjbMzOdA,5.0
Oig0XjKrL15ZbQc-H7sWxQ,4.666666666666667
OkMANGl5a9pmYQxzcTzCjw,3.0
OkZACcDFWTfIEVsxxL2UJw,3.3333333333333335
OlTel9SyGa6i8xSZCD-gBA,3.5
Oo1c0gnUeE_px5dkA7R7cQ,1.0
OqJiaUUsatguZk9Hp23L5w,3.490566037735849
OqYXFlQ2V5rTwo4-IncPDA,3.2941176470588234
Or9sTzHKHlgoqFWnbYeUog,5.0
Os0uZfW3aBIHwGOXQ06Nqg,3.0
OvSWKP0cqWBFgoLWYECPdA,3.823529411764706
Ow8V77H5RcBfpbsLb3UzdA,4.153846153846154
Ox13xBrEscFu-u0y-_s6dQ,5.0
P-Ahhnk4q_v2bRi-IgInhg,2.0
P04H0_SvD6jFKhHNAPmmGA,3.8181818181818183
P0jKqaSzjQ2RtVEyWYoG-Q,3.0
P1OznsV_cFEE7HwuNUqmYw,4.0
P1bRHjJQ5Aj0DjioPnukwQ,5.0
P1idbp-xX9AfmtGJZh8d_w,3.142857142857143
P22H1IBB7_D7_V4yfb1X-Q,3.25
P4eNsoW7FBriZZzp8CBC-Q,5.0
P6oH5jmzYyQ_nBkQL2kkrA,4.333333333333333
P7mUpOKIOWkVB8YJqMGwnA,4.571428571428571
P8Iokb6Zvqm8NUnkh2tsug,1.0
PAVZtoLktglICtNeEC3S0w,5.0
PC3AY-WNs_cj--GWMtccdQ,5.0
PEFj4osUOBcLNMZ3XgTuOA,5.0
PEqJQJZ_zgXdTFwbca1NBg,3.6666666666666665
PFXXugodetysiYZXQy30Hg,5.0
PIDJ2xZOUMSr0jwjLnwYkg,2.3333333333333335
PKn611tgOKdzSH_y0bHfjA,2.375
PKtU9LxlidVbp5fnqIqnNA,2.21875
PLH3YCQBa3bWgAovfUg_hw,4.666666666666667
PLb6_Wi-JicaoElVmFX9_Q,5.0
PMpoJogV46PMw-8D4s31Nw,3.3333333333333335
PNXRz2Xb6ErOUJFlAYmuaA,3.0
PNZuQK_q11hMYJpPLAEa-w,3.6666666666666665
PNfOk72biASBn72A-r6N2Q,1.0
PPBO5Y3nfeCUrajwtoS0jw,5.0
PPhu9zoFDSlBSUIOKCZYIA,2.0
PQUPl5BeWejRySVgDW7bRA,2.0
PR6svgjQ22Aa4ikMfIBbXg,3.0
PRkIQhOr02tGuPfxBZPC1w,1.0
PYMWm7Lbs9dK3gt3yCRyOQ,3.4545454545454546
PaAAtXgw0IZttxuCdPSHpA,3.2
PbEM37MzozCZUkn7OGADuw,5.0
PdXHXwxTK7MLlSoY8z1COg,1.0
PdwDmIJQ2AK-OkYTcR_XiA,1.6666666666666667
PidZ26sboIS3-6CtUpNskA,4.409090909090909
PjHl92MC2_ZnrKZgLmuYew,3.0
PmqoIBBRjTVvlLFmuOJH1g,2.0
Prt0N_cokvWKoowVIzMHCQ,3.178861788617886
PsbKctbO6DXvJRYUDHu6LA,4.444444444444445
PuRgU_HDCLeIiT97K1TM1g,5.0
PxH6Jyn_QKryR9mhg3mNsg,5.0
PyG0aSX3pBx0hzoSH20FnA,4.166666666666667
PzVDwu3DD0AdxqMEpcPzrA,3.6
Q0SHfGNfQkMhAeJQtb3TtQ,1.0
Q2CwHPADFu6hdhZlo_IGDw,4.0
Q2xXOVms7yBWJ_OTk25iGw,4.8
Q3hTb8oN8EZkzGZek4bdNw,4.666666666666667
Q6VO09SInRQf2XQJr0UZAA,4.0
Q71mVyziNejHCCQpCKGmuQ,3.0
Q7Pg6z6YvbAuoKH9HOcriw,4.0
Q8L1vHrzMigqrixG7w3jqw,5.0
Q9OM6d00YPkdtDzx0OA43w,3.0
QD7vVj3b7hu0WDGWoycF1w,2.9
QK6BTUNWUtoi72asmtf8ug,3.375
QN84zgPFqLa1YMLz-c9cgw,1.5
QOdm35MQM_9mUAoRR90omw,4.0
QP1TQgqE6OE6y-MYTRhmOg,5.0
QPjauTgS7Cl5Hp1jClnBBA,4.666666666666667
QPtDuZATFB2n36FvwKKrGA,5.0
QT6o502sCaBeox2BROtXmQ,4.818181818181818
QTI2RpqzHVnUaXGeaf43hQ,4.0
QUz8RUxMuXQa-rbRHYyFZA,5.0
QWxVHyQqKRN4frAkbs7zUg,2.0
QX78-sdwgOfC1-5fmkysmQ,4.0
QXMdjZSKgLaCjk9UASv8Jw,2.0
QYZe9NXlFMWxcMjk1CYJAg,2.142857142857143
QZ0L5l7sRdOPEDKBdd-KwQ,5.0
Q_AJcwEyHNLVrgafmPzhhQ,5.0
Qbqs_-Fb1U-5Hmz44wTNNA,5.0
Qbrag_BwDh9AA4PQtS3NHw,5.0
Qk4nVw6ft1ZftsHNRGiFjg,1.0
Qm7XFyoRlFfptCKLiRzmXQ,3.3333333333333335
QmUPZ_9X-_IuWTwQB92wdQ,3.8666666666666667
Qn10NEhycm3k5HQoueDYSQ,4.395348837209302
QnWFR5zQuLGL12EM_SZb8Q,2.0
Qn_e6BhJHz25ZQA_Lw_rnA,2.75
QssEag9tsennJO4o9G4ORA,5.0
QtJ-jsaZ9OdmnKegbf-c4Q,4.8
QvRxH2fhLNAL79TWU7a1cQ,4.25
QxkepqngySoTexg29dT6wg,4.076923076923077
R-oyaw0vLfWjYYJNsve4PA,4.0
R0I6hk3av5Ta4bncV3y_PQ,1.0
R2SCSPc-Ad1DjZMASN8Hpw,4.0
R5fT-2OJvgDKrDSvIxUpvg,3.75
R99YRMmzHUVjHwzfbk6xhg,3.0
RHSJfL04xzFhY8pj-PGUdQ,3.5
RIwTHcSGNXt_RCgMFQSYEg,4.0
RPqM6hPPNytOCIqUTwAnbQ,3.425531914893617
RPycn5IL-9Lt48-c7szZfQ,5.0
RQNfkPx2t9hoAzdB9TGuAw,1.0
RQfQLWFjbIcSDShzFxd2iQ,3.0
RTbDvRlBaKyim0MJOzEkPQ,4.285714285714286
RTl5Lhh7mQ9zsSsJ2XNBUQ,1.0
RVvWfw-Z4Xn3ec5NqGNSzw,3.5
RWV2BINlirWBE8yrgf4QwQ,5.0
RZ0mmRutISpsgXjsOPHKmQ,5.0
R_VkipLvwxbacWV0mfCBNg,3.0
RbtQ4evIqcs98gXUwcKjcQ,5.0
Rd94o99rI5llUv_5v8pARg,3.0
Rfn78iytuhwlMM6SESQkQw,2.5
RiQfs8W707QyJikEw6f7Gg,4.285714285714286
RiTjdRAFsGlZrfq-6a5kTQ,5.0
Rk-q_iDp64dOduH2SIhEGA,3.0
Rkq4ETo8ekVuH4D1naFPhQ,1.5
RlbsLKwnnSbf5hwOGko3Rg,3.0
RoO-4FJgw-o7tImNa6DRow,3.3333333333333335
RqFvqiC-PFXyFPnbQ2053Q,4.0
RtL9rFDSeojjdzBdtaF7sA,3.0
Rv4QDEfZUcSDPGhe9qpVvw,4.5
RwkyPqEou3r2cyW76pTYPg,5.0
RwtoALx1TRiOJ6R9HAv9yA,2.4
RyHCk1cfXe78ViaKWm9u9A,1.0
RyibVYuj7eaeYz0CTuy9_Q,3.5
Rz_cQQIZF7EV_MGbM3SR8g,4.0
S4oulDgpF0D3EeNiTyvsew,4.0
S5Bk20D67MWN1oiotHWcSg,3.125
S7p_Q0gcyTp3IPKJX8H9fw,3.7857142857142856
SAtNH-9Mz6bXqyMj8y2Apg,5.0
SB_6R42ClX3TgXIJ8cTBoA,4.0
SExrvK5m2lNrGazPd8djAA,5.0
SFt44FzF2aa0vi02rzcrhA,5.0
SHLznTokduaF181dWSi9Qg,5.0
SHkemXnMV9x-nHj6tIMhKQ,1.0
SMriYONZRTTEXew-sM5lNQ,3.0
SNMMTf9mEVzr7wvOxA8phw,3.0
SNaVTMw8NsFLqMvivPDBnQ,5.0
SO1UX9aM_k0_HlzKfj1vlw,4.023809523809524
SOXZu-KQvL59pUFl7uVaXg,5.0
STCMyWPqY0h1RAyB7JUQmw,5.0
SUM4VgrmuDL36wMnJZJ27Q,1.0
SZH0_zAlASYPATkEBrS5Xw,3.3333333333333335
SZynkhN-6s6JJeH5KNVI3g,3.4857142857142858
S_9Bp4k_VhF96iHfkHmtzA,4.5
S_Pyl4JcCeBUoGgDBnA7vg,2.2
SeJ4OMwNIGyxVaFeKSqLNQ,3.0
ShTfDR8X_equHOiCsxKK_A,3.909090909090909
Si9Z9JR__7j-96M4jrbkVA,3.0
SjAqEKAV-JZ2lNWVQNqzTA,3.0
SnDYzoT-KJfbA8zHd0QkBA,5.0
SpXAUW7JO-MTnGh9bldtdQ,5.0
Sq5r391oGGHFRLoGzhd_tQ,3.3333333333333335
SqCHL60FNhB5Wii7sTqiig,1.0
SqS-UgJs5OXFt6OPnU-MyA,3.0
Ss3QsSX2V2u3LewXUC3dVA,4.363636363636363
StVQ4rlyByFYVNKagAf4iw,4.0
SuKydXcEyLCKvjsPWtNLOg,3.0
SugQCPP3FVPGJATlVXBVDA,3.4
SvjFfDxgeXFqcAOx7-cqQA,2.5
SwVZTVkNrOWdLwGW4pT7Zg,4.0
SyAuNRxOIEh2txqr1I3TrQ,3.0
SyiYpDeXn_P8Ty00e6_YZg,3.0
Sz6fAu9T0q23BtuF_oZazA,3.0
T00L5Hk6adMGRPExj7yokQ,3.3333333333333335
T62VKsgn7Pd3a-SC7VvWJQ,3.0
T6clzPGSe05F_4GhBjoLZQ,1.0
T95rX_mYNeuuKPnT4yjwzg,4.333333333333333
T9F7nZUv5UzzkjD-O_yt9w,4.0
T9L5SXNDiEViSa8xAuSbPg,3.5
TA2QYSahJGTmEWIA2gcMIQ,4.333333333333333
TA7X38Qf-DmNWZ53dGOLfQ,1.8333333333333333
TABbGkcexuY-2Pw6H9aqag,3.5
TB_YLyPFYsVXH-70mXIFnw,4.0
TBorfMu0lPu3K2t9h8eHNA,5.0
TCHaMniXmH30AGuxxmsCbg,2.6666666666666665
TJEwMYhClRCpaP5FDPC7IQ,5.0
TLnNYXv0jVoC8PXsyISxKg,3.0714285714285716
TMM9jxvRgevlfI7i296w5Q,3.0
TMrvzkl2V-WuljuVIUw38A,3.6666666666666665
TP8zxYve1T4_xq7mLAT-1g,3.8846153846153846
TRuOOzh8903bvd2BDz0Y6w,4.5
TVXRQleH5lyUS3_JSGN5zg,2.388888888888889
TXdK4HquUwcaFUlcAS0_YQ,2.25
TZNJbRyQ7fkol28NGhdaUA,3.3333333333333335
TbwfAPvazKsEjRzuPVuuMw,4.5
Tdy6sDnyu7Od2kBvlzduAA,4.290322580645161
TeJGJA4_iPNMDuQUxmphHg,3.8469387755102042
ThKNGVMPLDPb0Rk0W_3h-A,5.0
TifzFL-ytrwIKgIB-ImjhA,4.0
Tk9w4X6of6fICLh1XhH2QQ,5.0
Tm9zlIHztBC852tWckCSJw,5.0
TnFZ52pgh39krhxACybTfA,5.0
TpohC2Y7ZBxi__pJeBdvWQ,3.5
Tpshj97drrUWYFFaakn8SQ,5.0
TqeV7ROjFKKuT-wBgo-YpQ,5.0
TrVA3e0unOPJd9rYTIPvFA,3.5
TtTcERkil-sIDEnlxdaJCw,4.130434782608695
TtddnYJPZ2XfrOWd_YeGRA,3.25
TvJZjlowEIRmYWmuFX5cMA,4.0
TyOpxjKYPIHe3ynvbfv7hg,4.0
TyuFt0YnChsXNX2iEZfjlA,4.0
U0fnrO6WYF1r5gyjlQqSHQ,4.25
U1Kah6_jpkYj5YazJI5zWg,1.0
U3YEVlLeyy-23ndHsDiZtg,1.5
U4c5YEldlytVFAv9YoN7qg,3.661764705882353
U7ecpJTBwk1-pP0oWvRxfg,3.0
U908GBA7_Dg36K6xy5Pm4A,4.0
UAT_J_bxefTGAvwrDMdCNA,5.0
UHl8doS1sLo7rbuysWEYLw,1.0
UIugXjLyizW-04xYt6eaOQ,4.666666666666667
UL7gq1B1dmSzZUCmAHZT0Q,2.5
UQy6drXopA64YntnQEP6lA,5.0
URk-ssqSZRLboWhkyEgqrQ,5.0
URy7ExuIpIPcMwl1e8rYIQ,5.0
USvVbLSIXK4W8bvWy1n9UQ,5.0
UVxImD0Wb53x4m9l2_a6oQ,4.0
UWzbpgB_FliuNsShu91FaA,1.0
UY0CZg8JQjAxXcI0KcZKPQ,1.75
UZkPd7jjCM1yCbzt58r8Ag,3.4356435643564356
Udn3-LQpLMIjIdKsCoAwrA,5.0
UemlpEk8cZswbeIMsSCPaQ,1.5
UfZbLzGseLLePttJbc4vNQ,1.0
Ug_z8VoYfBB7clFHVCMiww,4.333333333333333
UjBgNXFFxMriz5uVuLBeqA,4.0
UjN2TyfuIaEG7uF8iN2kVg,5.0
Ul8c5NbwfoaY8Y6pQBGmvg,5.0
UlkN-441aysFRHQm_8ruVQ,4.3
Unjgs_-9SoisxS_1uwhXvA,2.2
UsSFDQxu7YZ134o6WoSvbw,2.0
UwlPS9DSe4UxWzHmoB2pTQ,4.0
UwwOeS7_HGHPvavMOaAVxw,5.0
UxPKlrapQVtiivVNn93ROw,3.0
UxYQ5X-pkgrj_1XK7lOyVg,4.6
UyzgMkdwZNfJJNbGVayUTQ,4.888888888888889
V-WJjfG_dlu0klZlR1KxqA,3.260869565217391
V0SCHCKGVTZauvWgt2NncA,4.071428571428571
V1SUjabXyErh9cnr9Py9Qw,3.0384615384615383
V1pKsi9h_ekAzu9TzkpLxw,1.0
V58umA7q3w_S8l95Me2XbQ,5.0
V5m-GiauWDfzIiNedZhVfQ,4.0
V8Lyk0IKRGfb6AqPVfc48A,4.533333333333333
V8R15w1Sv60PNpiKKiRkNg,1.0
V9rp-yT8GR834JhMTndQmQ,4.0
VAim0nZXXk0ygDzJgOX7Vw,5.0
VC1zx4quLpX9E_aUHYLg6g,5.0
VCxI-pr1d-BomTQi09EbtQ,5.0
VGUBjSh3BwFntlaAOMRgRA,2.0
VIojEv4Vucr7tmgJjO_8nw,3.875
VNWxBy3jYi2-pENSdKO9Vw,3.8285714285714287
VNXYvgPQjKIWfUQkR9YgAw,4.0
VOvLCZxR64BlreZL7Sgupg,3.25
VP2cA_5oLsuF56CkenjphA,3.0526315789473686
VPUiIyXHHTcIs06ca_hRSQ,3.3846153846153846
VQzihROe-sNtItXvXuC0Jw,3.375
VS5cB2QeF8b1N3cr_x70DA,5.0
VV3we84reBfGrZMK5ZBi2g,1.8
VVGGghKcu6Qx0RVoXcjcTA,5.0
VVcTaBUH3cAObS5Lxsje3w,3.2
VVuw6BnXEbn5RkIA3U0o-g,3.5
VYXf-xHXcKMIlixNfuOIVw,3.0
VZ7M9EBqURLI4n55WCI8dg,3.875
VZlP2yVgnpMenROfGUTweA,4.0
V_TBMUgNGoiizhECJoJtBw,4.25
V_j3QJPww2NpuxX7-lqQ7A,4.0
VbLi_PsOuoCeodjKzS1Lpg,4.25
VcpQ3VBhHi6-E982yPByIw,4.0
VeZlHqQr9_zP1DQoI3evmg,5.0
VfHXAaOkhCyxoVw50bL9QA,4.5
VkIQgupDqCFZorV8Ro-89A,2.9302325581395348
VkT6L3bwcxV6fIDDO-b-eQ,2.6666666666666665
Vks1nQMwiC5MgOb4WDRueg,3.4
Vkx4SNd56wWzQzu44KtfLg,3.0
Vlwc2Z_hMMtCY3gYWfIVmg,4.166666666666667
Vq-EtfJGBi5oP_DWZh8gkQ,3.3333333333333335
VuqXyU0WDKpf5gnOz-POhw,2.75
VzfiiFdGgeBWyzCDkikf7w,4.0
Vzs9WS3dV3liKH7u6vJ0Mg,3.6956521739130435
W1IM2Axgkdw1CgPDC_523g,4.0
W3IK_B3Ytlco5H1gIPJOjg,4.0
W4avSLJSj6pvsFxNxtGtqw,3.2857142857142856
W4l4Cb6Y_HNRy6XEAbQ3Pg,3.6
W7ClJMinnw540e8CCpfBOw,1.75
WAOL7-XVr0JR6DPYZTjMwA,4.444444444444445
WD7m92tWg9SK6hNlRlzu1g,5.0
WE4aoSbxZwEBwIs-OU162Q,4.666666666666667
WK6zxoml1MbePUJ-chT5Yw,4.0
WRSA4E2sYW46nYDkdfxFEQ,1.0
WRdHnwIC-OG7lp1bdnEHfg,4.0
WT00rayjoQYLHqEiG0xpMQ,3.2222222222222223
WV3jZ0MFmLW39Iwejj1dWg,3.0
WVPNeCOOkBQxUf3IwnYvdw,3.6666666666666665
W_yOReJIDokQn57OCDgtKg,2.3333333333333335
Wa60sCrH0Pq3-yBiSZUghQ,4.0
Wb6WIQIy1NcdVF8RBbUpTg,1.6666666666666667
WcP5JWvICvZ62Zqcn2Jt-g,2.5
WfvODsf3KFDAkIbz0nWE-w,4.764705882352941
Wi33nyqtA0WlMhQPcM_0ag,3.0
Wjgjzxu2rZnGyBsVgxxQtw,3.3947368421052633
WmXljaCu8zmVk46EmPKxCQ,4.0
WmlFqGWjhD5un-2fftCSzA,2.0
Wp0kUoHrB2tPqMogVHg8-Q,3.3333333333333335
WpKYEjDCxWd9eaSz-1KfJQ,4.6
WqBQB68NcMAujtvg1BRlYA,3.4
WrYFJZi2oM5wq--JmnQETA,4.0
Wswkz8AO81f-Mr-fobL6bg,2.0
WtePvxAdu3-PJxWiUYEaKw,1.0
WxJcZyA9hNwAqXc0XxTPNg,4.5
WxMPNzO-fafls8RYbcejnQ,5.0
WxWrurWu_VzMdiSH8AHj7w,5.0
WzJzucy2-SUC_A0iia8HvQ,4.0
X-o5NTf1M5PQNWYwyf-8nQ,5.0
X17aZqZ7-mEEzF6Me3yGcw,2.8285714285714287
X3Eu87DKPlvip-GudTiV0A,5.0
X3HOHEOwLmp11W4El1mbOg,5.0
X756C9YKMUZyiJwvHezKgg,4.5
X8q_tv4wCOgpj4tcMB8eCA,3.4
X9UBPAyS5Cm_NP5cmiw-Zw,5.0
X9b45JLCieATdkTgR8iJdQ,5.0
XAR716AWqWhqRgM9EGDBVw,3.6666666666666665
XAh7Xce30KGmL_CTCdHAhg,3.778523489932886
XECcCTdTUp_ZsTqfLgkpBw,3.5
XGqbxoFN6SyuZqEoqB0HJA,3.056338028169014
XHJG-SdOX8CTuBXR2zkfjg,5.0
XI_lfBGaOTAJRfrPuNUJkA,3.4
XIpSrV2HUaI8Hx6RDPvPEg,2.75
XKBudOYze7eeNaMGzSLGnw,5.0
XLWsW4PRq6xCkTCPxvW6pw,3.5
XMRwc0yvLrihaknHRrivEw,5.0
XNNYiOkCCt6682-Wify2Aw,3.0
XO8_SWQokc2vYshjrFXdsQ,4.519230769230769
XRmowD1xWdipQv-gnnlJbw,4.0
XT0zLD8-J4n1DV9cfG9VjA,3.473684210526316
XWBDk6b8efnftFHWPRrchQ,5.0
XZiONv7si8Np8Fm9elkLuA,5.0
X_wvZHJCko4ozBUgCXDIsg,2.0
XeJGQxpkh5HTQMClZSIkPA,3.8823529411764706
XfwVE16N60-yZTZAtKOTfw,5.0
Xi4c3LQWDpAg0j_I43L6jw,3.3255813953488373
XkvDWb8gRV7Ev89uaaIHSA,1.0
XrGRtBuBSYweDaNIi14-aA,3.933333333333333
XtVK_6dQeT34vv3iHPlPXQ,3.0
XtW8l8jHcIF2HQtJszZc4A,4.5
XtbB8nC5QxajqBrJOAndhg,4.0
XxrOyBa-FKPFe3lHRFVPUA,3.3333333333333335
XyMQC5C_EkXDX-2UJxMh5Q,2.3333333333333335
Y1-XTmLWTqh64DIU-psY-w,4.0
Y2CUf5wgjXbrCS6JJ1yViw,5.0
Y4SxbOmI0X6fQFJ1FrQ5xw,2.3333333333333335
Y4eTFlPidWhtjo66YjoEjA,1.0
YC5VXOSiMNWaBGlZRApF_A,3.0
YCzOVCdwIZYNghVODpW9DA,4.142857142857143
YEhLPCRlQ5K3EwHTstZBTQ,4.0
YFdKl-_08qW8QlWGK8pmtg,5.0
YJZq5dgpi6Q9s3PZp2Kb2A,3.0
YMNXoQWp_dwrdolwPtXVeA,5.0
YMSM63ZnGDW2hbb6rvr8kA,2.466666666666667
YMdA_vq_5ef_Brh-F77Mbg,4.5
YMtkYR-ch_QxhUIriUE_ZQ,1.0
YPrETrwNzY0sbt0d0Kj6Hw,5.0
YQCr87Uzy7pLfEl_vMrX4g,4.75
YUseSEHT0AweZBDtskScPA,5.0
YX8C1i766QwGonpvG3AUUw,2.0
YYFFn2o6aoz7pxLAgJKeBw,3.0
YbL_-MmSeYj_dchAP8pfiw,4.0
YbS0pHDkgDNK6nZYJAclkg,1.8333333333333333
Ybrm7iWefWbRQWavc2U2AA,3.8333333333333335
Yc3XXRA4Maum60MD26xZ8w,5.0
YcAia_dC5rsPtkaGXv47lg,5.0
YcX5XgsYacg0TTd54Qs0pw,2.0
YhFsaGekMZlan2kMOsR-AA,3.8666666666666667
YjiAjdys_UYMvnaUmhHeoA,4.5
Yo3YRZ2UqpdEko-Y7kFdZQ,5.0
YoHtJZSbjECiSrISILVnjg,3.0
YoKTbcjs3WaaJ9zF28HsPA,3.25
Yr-B8L5u8Ndx7g07Iy6gAg,4.166666666666667
Yr5icGYCYV8eusuc6635WA,2.75
YrifJGcQIdL755lFNsGzCg,5.0
Yse0r7-Ux-GU8tMKfPcbjw,2.5
YtqW4JqN2ED19PuN7hKxFA,3.5714285714285716
YutcErVDZUNlOnvCJ1mY_Q,2.6153846153846154
YvnntKy7hggxWxhsDX_cjQ,4.0
YwHrAi0D9zQduKWE5PpWag,5.0
YwsRmtubjZdAM2nvItK5sA,4.5
YxMUGVzzeVx9Ft50fFMZzA,4.0
YxmnCbGzkOBq-aMbNMtk_Q,4.4375
Z4ZOLa1IqxSqEBPO3k8g5w,3.6666666666666665
Z6HonVxKbqYD3nZRYhcqRA,4.25
Z8m-SBimdynnik_dDPpAdg,4.793103448275862
ZA9xyv8YZB5ZhOICjfKnLA,2.7222222222222223
ZAPVbf2TD-2p_QqY2dEmvQ,5.0
ZAa-R4VLr1G1InitTRSL1w,3.888888888888889
ZEZeL8M5xveGFac2e-LwNw,3.8
ZF1mvFRVB-K8YtBlKfRgZQ,3.4375
ZGvez6TiDTYPcBpedsSxrg,2.6666666666666665
ZIqeTQDb26J1dnPeHGRiLA,3.8615384615384616
ZIs5aai4LUVdAKxleWkZPA,4.0
ZJZIKFVvHma_BRAO1ewUKg,2.5
ZNgyfLOj-JVDpj92T-ExsA,3.828828828828829
ZNlHypbOwdB0lM3kW2M-Qw,4.75
ZOpJLgBpOVqLnLwKKnhu1Q,4.5
ZQH3KPgeEfK3Ss0qW4PmiA,5.0
ZR2i4lzgFiHTv0XQJ0t79g,4.090909090909091
ZSRWjPCJsWwsKIX_rmHjCA,3.0
ZSUWhcLoo-aIPBDoMKw_vQ,3.86
ZVJmr7WODht8i2QCV0WEfQ,3.0
ZXQxq9Xa-bveIrpwp_ZOAw,3.125
ZZMN6y68ZTeMuQWLwon0xg,3.0
Z_KBq9RqMGIL4B7f6R4cDA,4.2
Z_p8HBbNRrxgGl3AcxbGtQ,1.0
ZeYu47ftamZ6m7aYCcwSMA,2.0
Zgq49-P9TcJvYA9ifBtwzQ,1.8333333333333333
ZiusSbHw7xRxTcWF1eoVWg,3.0
Zk5CeCixOqNC8XVmAfgGwQ,5.0
Zkx2yhDQe3ATFJU4LQAJ7A,1.0
Zlbo7Xps4G3xL5n4vRTCjA,4.25
Zmf8wjsKeHZ9ZR538mcl4Q,5.0
Zn-761btjt8tK9_VxxKkXw,1.0
Znh7M5TaQHk3vGDCIY2U9w,4.0
ZoyYOGZ1Ju1oslnqfLieiQ,5.0
Zpqlr7_4Lk9wq071XwB6-w,3.25
ZseUvvLxAp-FHUWhEXXKoA,2.0
Zte7uzT7p7i3Pjn9q0c49w,3.75
ZtwFEooLpf9wMv6saSIJrw,3.357142857142857
Zur6xLX6fdm6gNbhDiIdHA,2.5
ZvCM7SCjc6sC3QlWdx73vQ,1.0
Zw3XTs_xho4PLxMshXLlKA,4.0
ZzO72SJETO6icjHS8BGeFw,2.8333333333333335
_0exhqM9n6APbMlPsJbO9w,5.0
_2gK5Orf21juv3tvPKv55g,3.0
_4I4QUtHIibPAVeDercffQ,5.0
_6KLiszTrD8SSQ0WgA2gAw,1.0
_6UiHRnfybGJ5s2FwvlEiQ,4.5
_7FYY2YNNRHHYqPrpPDq9w,3.5
_97YYWsCVOI3DhqT_Npk_g,5.0
_GfEqO-L5oAiEWB5MRP-3g,4.041666666666667
_HIzlf_RYHDrtG0XL5buKQ,4.5
_HZmKplpCPqoFj-6190pKA,2.0
_IFYKbyisxTsDiuqKolI4A,3.5625
_NIzhWg714kYhuNuV3PqaQ,5.0
_Pc85b7RKS80_PAKBR6I9A,3.5
_QNRc-sJ6kFdIX8reJ95Kg,4.0
_Szglk2TO1rpP5lm9sPFvg,2.8260869565217392
_TAIpZRjy5VaCRTx2ouj8A,3.6
_U4pk94eMtqSgZ56-y96Vg,4.571428571428571
_UDTilLzn4BwIcn1qPWuDA,5.0
_UNBwSZHup0latangLSO8g,4.5
_UbTkXQ_ZL-ruBUS40iGew,5.0
_VfnsWYCP7lu9dG6cmeIKA,4.5
_WQa6LYUyQUGl3kU587L4w,5.0
_YMkvGjNNZYZPAq7bvm1eQ,2.0
_Yl-RcnwrTge-yQjqLJgUw,3.0
___C3oF79FmCvIW_WojtMA,4.875
_auUTic1us1jCQpfXHN7Gw,5.0
_bkwYDJYIE268fOQrt3oUw,1.0
_d74WBRz2Gl4WaQWSbfngw,1.0
_gjUvDoeGlFlTDIVJMxIJA,3.4
_iM_jy7ulOpRUTq-tl-FGg,4.0
_iw_cJsyuDPmbJgDC5iXCA,1.0
_k-_UTQWiCnPs0PEHHGQgQ,3.75
_l7qab9AmCodR1Hb9zfPAQ,1.0
_l_EWoVSNwd13aTRbZ9gmA,5.0
_lrx-BniXTGcnoZDCbPemA,5.0
_ltiwx4S6OVpDqcu0Fdzhw,5.0
_mg2FE1viaYC9tFmDkybxw,3.5
_mrkYDyPIKmO_w6RD5kWRQ,5.0
_o-xA7dliKBg7dt6bIXx1Q,4.193548387096774
_shvV92PLXMevwU1W2JWJg,4.0
_sozrbWfnru9sOhT5TkOMA,2.5757575757575757
_u21GvAnwaqcZcR-d35LsA,2.0
_vc7iT7NBGHXOaaxCN-T9A,3.0
_xnNMq0u-YSJ1cYZpcEwDw,3.1666666666666665
_zGnog4aBsgh7v9K8ujNMw,3.6666666666666665
_zyBU67Y1RBaNM9TajJFJA,4.0
a-SLHlP85GDtegPls7w0cw,3.3333333333333335
a14688UvnbT0GmKQywAXkA,3.0
a3K_NoX0L38XutHb5yXwOg,2.4166666666666665
a3cb7ly0Ny1Lsjf_SXUUgg,2.5
a9OSnBCgNX1djGHKQmfVQg,5.0
a9Sjmk4VI4uj1ULt7c7F2g,5.0
aBo8SSXxt41A13CBtkOaRw,3.3529411764705883
aBpuRoJjgRBuXE07UFIP8A,3.261904761904762
aCFgGok-JMpCisy8vt0jbw,2.4285714285714284
aE-9khAZEi2jPb4kYL-wWw,5.0
aM3iSm2bhucUx0ycms47cg,5.0
aOjTqv5ZnFyKuDAFGNiY2Q,2.3333333333333335
aQb5jtEJ9m6YMdd007iioQ,2.5
aV4YbtWANes1F1Yme1lf9Q,5.0
aVuKky7ZmftCFKybytAy0A,1.8333333333333333
adviW7UIS1ZZmax8FGvpsg,5.0
akBYwak1sqNd1T8pzXKN4g,3.6666666666666665
akbyOKo0OmC49KafAtF-MQ,5.0
alezyaiUGAhdU9wsdK1jDw,4.555555555555555
atMTO3_0g85_lfP0GHG4NQ,3.625
awo_PFTdgtjMcvEqjiVgxg,5.0
awqeit91FPEi2H7NSJWm5g,5.0
axUB9dT2CHAxouQa4qXlsw,5.0
ayF6gRYFlwGzd3Dw3VXljQ,4.0
b0E0B895Dtf_eNvP2eVfwA,4.0
b2tefgaXLW-s9fDUNikaMw,5.0
b36jd-_xwGUAx8O9As1kWA,5.0
b3dCkjjyLNY9ezEmUQMOYg,5.0
b6DDnuj6WeQozVEXngTEKA,3.380952380952381
b8SgnVk6fnUGfBpy6k_WIQ,5.0
b9ydWirWbGZTF-X8tmw5lw,3.5
bBN05huH8LjSL3DTzXoQmQ,5.0
bD-3ghNsUJqwysCvOS0Vnw,5.0
bE7t9zBkxiRXYY6PYpx_HQ,1.0
bFxtGcL0W7ZNEj3NwTmM0A,3.9558823529411766
bGDIW9Lg0_0zHKaTxplHaw,3.764705882352941
bIXeKhmlmmUBjVZiCEGdSQ,5.0
bLacdO70gh88-MNWLUM4Ag,2.3333333333333335
bO0ePzK1UYzRny7KqPYDoQ,3.5454545454545454
bZ3h-WkeeVmL7RDaP6Ao3g,4.0
bbJOsnKN0nNkYmnDHOdAwQ,3.2777777777777777
belkExx9ktP516XiqPxCDg,3.25
bhLVK932K6WJiK5mcGbulQ,3.230769230769231
bk6w0dlvC2mtMjZgrbImjg,4.0
bkOqEz1_bAa4tkMzkeeUvg,5.0
bl6JIFaGaOhA18xbpzN7Kg,5.0
brPpCZvp7KUC4cZC73xJ2Q,4.0
bs1cYRcmLsV5nU7XtC6keQ,4.5
bsAy7BtqfbgWebW22MqkQQ,1.0
bsPF0_naLxyaa1kj2UGdDQ,4.0
bu7sTra6cSMn9_6pa-X68Q,2.3333333333333335
bukMw3pNlIya4tc6PU0Dog,5.0
bx-Zufk6AsahWdG8xLRcXg,3.7142857142857144
byvSkrlsHWe1clySpYbY-g,5.0
bz1OoRQPz4FzXlmTylFwEQ,2.875
c-tZvcQWAorb0RQtpe0IRg,3.6666666666666665
c-uuS1g1e4gATlIP9SdZNQ,4.0
c0Don3hqK-9s0HNLGFNNGw,2.8181818181818183
c44HGDg-cPPKtHqW-Pbv9Q,3.0
c6jnyJ04E8sGxIxQPa6EZw,4.0
cBEmclcgjQIeLyTiyCfoiA,2.3333333333333335
cBb2ZfDGc0A1d1zYVd-xMw,5.0
cD-NP2TFs0ucdq2tKivDfw,3.388888888888889
cEl3bMqMz-2Fg3sTCZgQ4A,4.666666666666667
cF_85s9ETqdLcZPgHBHJZA,4.0
cFuSOl_oo3Y73dCA_tfAzw,4.222222222222222
cIiJPGkanRdrqYkHOrFVcg,4.0
cKBsDV2zyOpmgjDANJl3fw,4.0
cKZNbMvoqJaUe7n6lf6i7w,3.888888888888889
cLMl-3ZtwqOWXqjhQyO2zA,4.5
cLeooB50VE0KcE66_B4seA,3.0
cLszNT--aCGja_637vJnLw,3.5714285714285716
cP9Qrl3dy1HpWMcI5dJNUg,5.0
cTwZNYA5NxB_tk6aHQV3ZQ,2.7142857142857144
cW7X-3ZGv0nTwIgJ82R3dA,3.739130434782609
cWciRY7j3NRiMh_Grm-ijg,5.0
cXJAHkNkp7AKLh3_witR1A,4.5
cXKeY0NugFvCSHRWJcOq9w,2.5833333333333335
cXLgRVK7Dc0mG3c5vV6qjQ,5.0
c_WNnSkn1mswpwXUQPzX0g,3.9
caO9VcHy1stJO0w1H75HdA,4.0
cd-Li67DeL4_VrsMWEgxQg,4.5
cfHL5xepz4T2WAAwXzE4Mw,2.5
cgxceVwdHgncwUMqlsJJmg,4.416666666666667
ch5YfTYTz6f5iBqQUanByg,3.076923076923077
chVVHChW-B2fs5t9JdXffw,4.428571428571429
ciqSF1mqcdcQ1hE3mrW3vQ,1.0
cix0vXp3GH2rCya62TVkEw,3.888888888888889
cjoSN5Ppn-kcVqIbv7qy5g,4.0
cmBSH_mNlh0Pw6_eNHCjLQ,3.909090909090909
cmXrUM43Uh7XLVaW6hvLXA,5.0
cmcJOhBUAVl-9qgNP8IL0Q,4.0
cn5Ulj595eWRUbQ_y00qeQ,3.5454545454545454
crYjyfUc9qYRomhzdVSlPg,5.0
cs9UEHP8qa3U7ZyU7Mjr6A,5.0
csZl3lt8ft1llpK5RZUFSw,3.4285714285714284
cv18DTLCA7ek-jS3O2s6cQ,5.0
cxAkuwv7p4gm4Coixw7h9A,3.772727272727273
cxMvBU1TX8ZzhAZN3L6Pqw,3.2941176470588234
d-fDbmNXWAS4MIL9LSY2Lw,4.037037037037037
d3p3whUeb2Mjtpfx5RK5iA,4.0
d3vB9xT89ZVfSS6_n-8BWA,3.3
d5lRa4elFl4jzas3zdZDkw,5.0
d7N5dOPEw7O-JwOEi3rFRQ,5.0
d802VZSvNzCyBp46Xp2SRg,3.4
dH8TeNMGfrcG1rXINki_XA,3.0
dJXJjmfFabeFd8yh1W92hw,4.25
dJ_GrmA4IO3Jy1mxelyr0A,3.0
dKrooQMq0gwDtrvAzfDlog,3.857142857142857
dMEr_XitO-5S_ezNC6EYZQ,4.1063829787234045
dNMlgVvlmUA8e4r5qhm5aA,4.142857142857143
dOLy4RW_g9KL6FpgBDswyA,2.5
dVCY7bSTZPIH8rhXEKB5nQ,1.0
dVU0iKDOoH4QVkcCE7hdww,2.673076923076923
dW0YpE_Wc2q_FeNgRBuM7A,5.0
dWtW2pbB3o97PpdoDEZ1rw,1.0
dYAWMqUQH1B1E3NtE3jV1g,5.0
dZl-s2g3oYdaegpxfvOOBg,3.0
d_8fXdA3E0IW44NYqt6haw,3.5675675675675675
dahcSJ39NWDLBOCBTJMcLw,4.5
deEftm_caqxP5MtfR2i-4Q,1.5
dghrDvJB7_b5ZDWQi415yw,4.0
diARf6WixT2nsqpxr-io7Q,3.0
djloNcOAF7ZXmbVBTmz7vg,4.0
dlQAs-cwYcpLZtuDOn-j0Q,3.142857142857143
dnOGnWXvfN-dCbS_5WhEiA,4.785714285714286
dnd2QLnFsA6aS-nS7bOvwA,1.0
doMpF2X9a2F8WoQH78ZL4w,4.090909090909091
dp_qFMNqisw8_uEsxRpYtA,5.0
dpzi0gv6hWh6S_KOdtQDzQ,3.352601156069364
drG13GfrP3e3SWOPfTJLaQ,5.0
du3EdhFJNWGTeJ5FhuNliA,5.0
dxisom1d-Ff5lhOQflqscw,2.75
dy8tzkfSnDUJhaAHze7ROQ,2.3333333333333335
dz5GgFr67q820IhPni1L-g,5.0
dzKS7PuLn36CeMdXVhFJHw,2.0
e07Nwa9Sin7KsY-VrasnCA,3.2
e1xl_OLeepFc5dHm8Ec9oA,2.6666666666666665
e2oP1oS2sP5HyGWZ4NIdRQ,5.0
e8_HFaxbhLlgiVPU-Z7ZIA,5.0
e9D6_qx9ofAVOF-4BoPdEg,3.0
e9xtSYxFsG-iZRqOEFgjTw,3.8
eAMCiv9VjgFvcDmREaQm-g,3.2
eDL4WayYEWh8GMNfYBGZEA,2.909090909090909
eF2MDkrP7zc2EwCvcLnzvw,4.0
eIWuUdgpFnvqBATlYL4Y5w,4.5
eLiGKL-jjQ_iy4n_in7IFA,3.5714285714285716
eMx_3_p1cweIUUr8OC5gRw,2.5
eORdeYwylk75Ub06OzQTXQ,4.0
eOoIcNS3u8W22asH7aDWSw,5.0
ePybir8tyXhcs_2hNHfndw,3.75
eQWcmn_gNAl4sy4VxhqKwA,3.727272727272727
eTW0w_15rtQ2tzXwDHddIQ,1.0
eTjl8rHLGWWhc65cFjcDLA,4.0
eXsDN3eADwJRRiApiFLOFg,4.0
eZ-RWtzYyMoLEpXBAEgCGQ,4.176470588235294
eZx4x6wWphM9hZalm2L1lA,3.625
eah6d-FbKwj5JERwoJWejg,2.6666666666666665
ec_GD1sUuqA4teHBic7vEA,4.666666666666667
edz8iuhXz4gedTT_Y7FYVw,1.0
ee0Os-bxXPuYk6y1qOz23w,5.0
eeMlaaZELyAtK9uh1_Pc9A,1.5
egeDp4KcOE75oF1FQGnL2A,3.4545454545454546
ehPIpB_hdyUboTLKsdx0Zw,3.0
ehopCz9TsdgXtm9AlXqmsw,1.3333333333333333
ei0OdCx1xjdPZ5umX1IFzQ,3.0
eimYgY0_Us-36ioIFLWA4Q,4.4
ejwxKCQqJguhCKXy1zvspg,4.0
ekVcqmHy6uKgjxyUiZ8KZA,5.0
emQGERz4XmNXQIRvtstHTw,3.0
emywLyn-d4TpeZ32U36KQg,3.25
enth-cdxROZiEAnt-LUcSQ,3.6666666666666665
eoZLIn59nT7Fo1pxT0l1kQ,4.0
eoskzWbS9jeQKWwyIhxSig,3.6666666666666665
eouoOadI4bWZqBRxWhok-w,4.422680412371134
epqL0djIWJoPznOWyVRqZQ,1.0
erlDeULfNPkKSS8OOhvk3Q,3.911764705882353
euGwDfih4Sw6oSzOxXhcvw,3.4
f1Nhy4PU3Ew1m20DshO3Zw,3.2941176470588234
f9PRL60n5G6Lx9RHDuHLYQ,5.0
f9xJtPVQInb0f5pX8OnMVw,4.6
fA1CgHt7ysvtEIkNfytjWQ,4.333333333333333
fBtCaQfkxzNdYu7PVcjHCg,3.3333333333333335
fCh6ivwLYfSlN1m-c6uYuQ,4.0
fDN-mP2lh9gn5UmSrykkmQ,1.0
fDNKPpL5Ey6Ff7KxE3OyyQ,3.25
fFe5r3eC8511L3XEzgsBDg,4.0
fH-RY89e6l5-QqHI_w1Uew,4.5
fH1aZBm1RnAF3_2eR9oY_g,1.0
fH7EwQ9j_Ab1NJNYMoHA3w,3.9696969696969697
fI54A9YMXypKjr7oIqRXng,3.0
fJG31-YFk6ua1KPmVeYeug,3.5
fOLTAyBye9a9k6ejaSMniQ,4.0
fPswqINLifIqxckfERWggQ,5.0
fS47xXUYAK83elebi2ZTuQ,2.6
fVkpLWJncAxuWauMM31ikQ,2.0
fWLG1QNLhrx1spU2Rqwj4Q,2.125
fWYhEzAO5h2t1RZmJl5FZg,1.0
fXttOSv3PVVVwLRgvaxfKQ,3.1666666666666665
fYZIWZRfXZxAasnvsihw4A,2.0833333333333335
fZ5QvT_Q_HrMt9QlIYvcEQ,3.0
fZMMj2dXMFCLq47SqDGbwQ,4.0
fa3censwK4_6394xXSiAtA,5.0
feGi8DXhA-zghEdwjdGCNw,2.0
ffIX86tD0fghS-ZxsdqsmQ,4.333333333333333
fhEM0SvOhGKthlSDBQIa9Q,3.0
fjHe3M1WDb-Jrbhoiomp-w,5.0
fjYphrU4JX6nKWVekvo1YA,4.25
fmOBwqjIU7Zgyef7TIEbcw,1.0
fncZ7JmEc1Ke7XnfwAZZxg,4.0
frS8eDV3w7dmi4zMzUr7Ig,3.04
fs9KhIYsNdONQv0zF6DjBg,3.3
fvNbmzq8uDCo9mx3PM1FWg,3.3333333333333335
fwQMWkPAvKQHI_xAf1SB5A,5.0
fxCNtftuU_G_WJ_snMKu9Q,1.0
fxq1eFWnFA0gFIyWgg6vDg,3.8
fzmRBfcH10IVQQAU28pzig,3.75
g-TMs3MChYsIcnbRe3SKPg,1.75
g2CYIkk39sm7tqO1peyCJQ,3.130434782608696
g4qjH4atzXd1PCAlMpVb4g,4.0
g5815uiIqJkqYxtySQOlJQ,3.6666666666666665
g5FEgT5Q9jP45Zm9F5ojtA,5.0
g6BCAoIPt9SPjS6s44_9RQ,3.8
g9JkdQgJ9WIV9MgTspDE3A,5.0
g9ukN62XqdV-_ngWutQfiQ,3.0
gAtDumb5pOEhC7RBw83TlQ,4.0
gBa-ftLunkfagcCVt783IQ,3.0
gCjCVmRR3urBzTbEvX3oEg,4.0
gE50zzME9WqNN0FzqhdemQ,3.7777777777777777
gH79U-jPNNmDW2D4n6SWUg,4.0
gI7H-XXbYpMQMFWhOdWTyg,2.5
gIAxLLu1nVdMwFboGXKBiw,2.909090909090909
gIWHSle9VffD3mx5Pg-eiQ,4.914285714285715
gKqYOhMYmMQGssFYPKmlCw,4.0
gLGaIe3tmbtI1cKRsF_pwg,3.75
gO2toRjR8dylHrSvzZWUjg,4.5
gO5hsj5kqgstbc7J7_kjnw,4.4
gOYvameEHcCX40i1s6ReQA,2.0
gPxBnJC3OgSTunDPR6qfGw,2.3333333333333335
gQ_Wczec7YGE8fvUC4tpcA,2.857142857142857
gSixifGJO51MHlMLlv0ITQ,3.782608695652174
gSm2jn1odOiJVHeD1baM4A,3.2222222222222223
gXjIb5T1MbZuUd-5zOwFLg,4.333333333333333
gYFdMvFMpaYM7IcajwmltA,1.0
gYOCkyBcZJ4OYBC896jHlw,3.1666666666666665
g_zHxALvq-FNLNeLIWXn3w,1.0
gdawkY2XVthK3Kgk_FYe_A,3.0
gg_XgMB6qyarXXYhCK3OiQ,3.75
ggpvV3_tYuzgHZ04x0Wfpw,4.666666666666667
ggyXy8tnmWHFh8Wn1feKBw,3.761904761904762
gh2AEFaPxI1-sdMMZEG_Ag,3.3076923076923075
gi-jQqZuWEUEW-X6YaS-jA,3.1666666666666665
gjc6R0k-C0g2ZOWYqkynXg,2.5
gji_zsAKDCvaFxgJkFaEVg,4.75
glDUvFwHVtgsY3hR7CByEA,3.6666666666666665
gmHuSSKzC9Vo7hsLbWLbbA,5.0
gvsIEeE-sxFqrylDIjTnIQ,1.0
gy1ZKt1H3XNwBYZOcj9GdQ,5.0
gzB1SeXTLG8kTTjgyNeuQw,3.5
gznWx_7kzY-_wKFRojtFQw,4.333333333333333
h--YSRf4RrZOD-5BifQPLQ,3.6
h13_59yIAoB1gBy75GWVTg,3.0
h1e8EsrD1sW2gHWTgCb_Pg,4.75
h2qYzs3xCgvE5cdXaTD8QA,3.0
h9b8WCFOF0Y-ONQuzCWYIA,3.3333333333333335
hBuQmZMcVFxLoSmBpy0lYw,4.045454545454546
hFJQ9vAg1urt-9iYkJUOCA,3.8
hG-m5ekPXW_zhFAalZk-uw,3.0
hJD9hQWvBW3t8Zbv7E44AA,4.0
hKkbvvEfhcx7v8v7PCJXEg,5.0
hMN9J_EULhAEInOkag5DuA,4.125
hO9z3VAJQzu6-6athR4ihQ,4.0
hOObGjVg1CsdSIoTfXKclw,2.25
hP9TC78PWssTGs-c6ukUPw,4.0
hPBZ9mtReYHN33PgPd6TFg,1.0
hSu-DGhQrrP0eMdZ5G37Qg,5.0
hTgF742N5avP8yL_lCk63g,3.75
hU-G18lQnDiL6GQ8BCFALA,3.923076923076923
hW4FtwtCQUI084rEE67VIQ,3.0
hXcZrpfXTGQjyw8NC4e97A,2.0
hgd4tj09Zn8Hy7e766XVvg,5.0
hhXtwlpITNO1AVL1aedJvw,5.0
hiCkJILkiUX7OkjHm3USsw,4.0
hiG-qcQFqEiSXyG_ek9ZyQ,4.25
hiJMiKoyP24G-0oILI8d3w,3.183333333333333
hkqf1gVQJmDGh5XO4KNG6Q,5.0
hliPhBv_4Ar0MA8KHy6mqw,4.333333333333333
hnEmCOKzenY6BkrfAVGi3g,2.3333333333333335
hniem6wH2UuibYWiTYgNzQ,4.666666666666667
hqmoWWx7jtxH7I-Se81D3Q,3.888888888888889
hseKTTKqmIT0yynFUnF65A,3.5
htLY-VEMrXg6z5YxenTTlQ,5.0
htizO9nOYotZQp3Iwd2PZw,5.0
hwKh_SFbnFNifuHlTUxfyw,3.0
hyyQGHPBnEbDVK1oo3jdVg,5.0
i-qwBGohGRnn6E7BosJSTg,5.0
i09veaU99CBezRRZTmswLQ,3.0
i1YHH-LzIBH5iJtRumtJyQ,4.0
i1hvnxiwBa8hvG-tPH-FWQ,3.0
i2LY-w3dNW5Zzcm4w6XHPQ,3.533333333333333
i5UiSKjxM8-ibG0I7fuSvQ,3.6666666666666665
i6zL6_fhaJz_MyruJx3z9A,1.0
i76xkmK60liZf5b1x5AZ1g,2.0
i8VDIqNaIBQP0dmRXVV8KA,4.0
i8jPE0bb-tnc3eMN8Vv2Fg,3.0
iD6SG_zCiUbqcPuN32QIHw,4.5
iDCm0vg9wTeC-6fgpgHoDw,4.0
iDiSzIcFdILdiLHf2Hop1Q,1.0
iE-f279-yKL23hgzBJngLw,2.2
iF4UkoGUMBxuGId7wBwHDA,1.0
iFHApcpCrIoYuvPQJKu0Ig,4.372093023255814
iGFLwc5sEWhoqghYPqzLMA,1.0
iHubZXCGbYdw16TvfU5GKg,2.75
iKrvwY844nyHWkk1ZIxNGg,4.0
iM1xubql8Losmqxzdjc4yQ,4.0
iMLYWqumQ8y41mNRFL3-TA,5.0
iNxkCEIBW08hSNKwJN7Q_g,4.066666666666666
iSyJ9Hf4LA94QtGdJkO38g,3.0
iUWJoWJlTfqZrlvMvcgdQQ,1.0
iX9dd3qg8GSFd82ZFaRdWw,1.4
iXzQYelNxUuP1XsMDvEsLw,4.0
iYZZmQGHC28G-oZcIa4CUw,3.8461538461538463
iZBZ977GeFuuzyOl5Iz0yg,3.7222222222222223
i_8xMxH_Ftp4E197CxUUfQ,3.3076923076923075
i_Po4JpRK1DWfEBzxtkyuA,5.0
iac-yzUqZKqCGVSZhWONvw,5.0
ieALOkyM3XuSQrfJ_JLG5A,3.8
iexkWdKxVPBhYgr3mqWlqg,3.727272727272727
ik7AItX8aAsIPvDGp16Bqw,3.2
il1u6WkqbnqQ_uP56xyVSA,3.769230769230769
ilFMsAj8fbyxFZqPV5gixg,4.4
ipOnZ3HVypcvDOJOvIxWYA,4.75
ipinTVbslsMfSaneB04zww,2.0
iqXgd3OnDmuHGrtRKusUkA,3.75
it9GEjDcL-bfAjtyEOg61w,1.0
j15u6g3ULx010Q-VspelbA,3.090909090909091
j3TxRholLijW1atv_jixMA,3.7
j4Hfca8T_8YbrLIPL-2ylw,4.0
j5F2uOcwAH-fSIFVwxQvYA,3.5
j5FB2gQ4LgN6zfnjVFVSZw,1.0
j5f0rKsLM32yiARknojJVw,5.0
j6_1lkGjiXug4ndVTsCp2A,4.25
j8OouzDMQNq0lH9ci5mQkA,3.6666666666666665
jAR8uR_hWw6MQaKO6pdTRw,4.0
jB_MMvvGgntxyrJdMZXm3Q,5.0
jD4Kth9RDwTJTtt-Xm41ow,2.3076923076923075
jE5xRrysiZwF7xPUiu95qQ,4.285714285714286
jFE22sI7-qhFvhzafXROag,4.0
jFgJg08juDynAZsiBkgC0Q,5.0
jIEybNqIRFGRRZvVDsL-gw,2.5
jIuuCQR43r-q4t5kfcoDHA,4.0
jJ3R_3MLB38R_PzrKzKuAg,4.0
jLaM3vekpcI-v_WGwMmPHg,4.565217391304348
jOuCUOCFO2s-7nxuR_KTsg,4.0
jPcj6gv1C8ILNez8b2FwTA,5.0
jPkbsGAke4HMHODgXM0Djg,3.25
jQ07EXdqUJ3o8Gg020dstA,4.260869565217392
jRgbwWsq8i0cdjSLkSlwAw,1.0
jSzZSaOHk4DPKzk9FpDbEA,5.0
jTENv9ndQmpD2Rm4fxPISA,5.0
jTe1D2GmoxHdZOA_5sLZgg,1.0
jYGxGOJtnvry8OaSqML57w,5.0
jYdl3hODJBd1okUT_3jh-A,5.0
jZwRQmiplPC5lyn05CqXgw,5.0
jaMTiYTR9jhcbmSt1Z2dhw,5.0
jfRKmyb6GSRImO8t5EE88w,3.8
jkJgeuxKApa5Ok4e3_oe4Q,3.3260869565217392
jlX86Wp02fE3VF_PDffxqg,2.3333333333333335
jqgFF-paoDXEf105IMUM_w,3.0
jr1oOb4SRVThQOL4Zos5mQ,2.3333333333333335
jsRvmUzeG4zw7ZVmAG2t_g,5.0
jsT3Yn7JuUFSDmdeAHwxyg,4.0
jt-XXLfjbrTqMCwsCINZzQ,3.5
jxuH7pXBRP2AeYl3iZVM7g,3.4285714285714284
k6QOSLR_6HEOqPjwg2KE1g,3.0
k7nXrhac88zD1n8deIoIaA,3.0
k7wldp_KyN6RDiMK86fzGw,5.0
kCOXYG119YKaDZOwvqM5UQ,4.5
kD5GSsbyztABNB2-jMYRFg,4.5
kF_zIn8Wk72iQ5pvda0HcA,2.0
kFbnhGBunOGVxxCC19MBuQ,3.0
kGGVbAud85nbHXhK4YVSDA,1.0
kIuRzPl_JOOeEZxAAsDGPA,4.0
kKg8o3dwd-aSqMdqJWa3Xg,5.0
kLbrYBWRcmiGGmQINaYkIQ,2.1666666666666665
kMntXJQiqAh_fkFWTGu4Qg,4.0
kOgcYAj4A57t_mbPPY4WEg,5.0
kOyjKC8jt-9ch3iGtblb9g,5.0
kSfaw45havxrIHjmtZHLRQ,3.5
kTURkH5NCngv-SJIBETw5g,3.0
kWOELNlUM14bv0m-slvq6A,4.24
kX3PhZAz30cppNCMmRxo6Q,5.0
kXBG_G7Zt_CXNG0043JuQw,3.5
kZDtPqDZ2v2BSGcNCsfKQA,4.25
kad0yTdxyBRSIzGNuJGmDw,4.0
kbGBOi-iwuETmNUoC9EseQ,3.5
kbtisZOD6By-10jvCXgpoA,3.0
kbxgwzeEkDEi4g8a0xa_7g,1.5
kcsLq3hPJ4ImZZizUIIGKw,3.1052631578947367
khA673Vilb6MR9ZUS9FFow,4.0
ki4xvg-ZLzXDfDMQwnMXug,5.0
kiBIZhuf74GpAvhR0aQN0Q,5.0
kjj3e75YWvW2HR6QMNsGtQ,4.0
kk0pyNoopIFvts-luEl_1A,3.3333333333333335
km58VZkRurUd1I-kO3VpUw,3.0
koooa20z-HQiwO2rh46WZQ,3.0
kr7qd033PuVWOa664Za3hg,2.909090909090909
ktLcKEEYB9NAv6sQNj7uDQ,5.0
ktbSZBpOTNC0pQ4e5f5HsA,3.0
kvEtzVP5xwH9AS_oC3aXbw,4.25
kvhjDnjlzNc00c971D2mGQ,3.0
kwOMEjfgPBlcBbdjh58WMA,3.0
kyQvkFnTTCUrRMZlXGwlyA,4.5
l-BMWMnj56OxQ55DioQO-Q,3.5
l07y_zEK31xi0v_IYvH8vw,2.8
l2iL3HoeI8UUmX_XRE0vUw,5.0
l4YCOAHrYyUQRWBJLJR30w,5.0
l63weOwJg5j8TKaIXKl2xA,4.0
l6zcQ_OexTVFA85n0-xmyQ,4.5
l8UBwRko7ztwSZfoLtIVaw,3.2962962962962963
l91UxT7b7IkCrqnOL8Deyg,4.333333333333333
l9c2taNAQPRfSAaD5QsRKA,4.1875
lAp4y8xHV9y5c25wODtweA,5.0
lD84J-_VcpddvukdImRu4A,5.0
lDVAVEPaVSqHzJ2a43_IMA,3.53125
lDjp8lqLa-39vpdpw6KjuQ,5.0
lFeNMaWCjb9HIXHAZSBfag,4.882352941176471
lJkj_0CzrFqcl6V12pKLaw,5.0
lKxloRZecxgf0mmpylIQ9w,2.923076923076923
lL2kYjwTjs7m3QH3sUaCKg,4.0
lLx-K-33XoGX7aEmqAp2KQ,4.0
lNtzHRK9WfEDqh5WyG2ScQ,5.0
lQmMgXpmcAOnbUic7LXyxg,4.0
lUNMd4ruXrBsfTdvqtmSeg,4.0
lUV35UwUWdBhFYil1mOr-w,5.0
lXcXm7YT6s-FkWBTyoScJw,5.0
lYKn_TKwzudoIYplL2tGDg,3.6176470588235294
lZNyQIU-wrVZ1Ub2GE6J1A,1.5
lZd7qeG9q3AHdna-usxcsw,2.0
lZeGLwlh7R0leNaP40ikXA,1.0
lcML4R0fw3axdYPjcYPeRQ,3.2857142857142856
lce1pN2zQsEoOnV-WI-E2Q,4.0
lf8WcC4IvzvmvlSmYIoi3Q,3.909090909090909
lfRMKh1TUDCXNSvyZuufaQ,3.0
lgiGD74_ZM8pTvIyGslJ4A,2.8
lii2QlHeWKSG-IgAec1ZwA,4.846153846153846
lojgxxLqtghCndlpwYBdCg,2.0
lqNs82Pdxw36Buhqqitz9g,5.0
lqWr3vCSbB_PWqj8b-E-yg,2.7142857142857144
lu_6utZKH4KkL79ADfjL7g,2.0
lxKHPPeSdgqOnx3uCmyG4g,3.090909090909091
ly14yQJCHeKwoo4QDfa5vg,2.95
m-5_Sh8GzoYr0FVGnO-xQg,1.0
m-J42eEuWXJ9Nd9mIHvpYA,3.5555555555555554
m298wHi_OsAgU-8gpBtEHw,5.0
m2OBd94EhMNy-dAr5S9FKw,4.0
m6WkXWZt-ISEb5Pcfe4wiw,5.0
m8IY7_dSSg0aOl34AjwtVw,3.0
m9cimKaeH8Q6CrcKH12Nhw,4.3
mAF3J16QvCzUsd12O8BNQA,4.0
mAXR3-qE_ccS2iti4Eq4aw,1.0
mBvq0FTzh5FY8aQ-xJ4R2Q,2.888888888888889
mCuOqteoCWnFvkVyhTgdhg,4.0
mDjyckhNZtxGeFENw9Al5w,2.888888888888889
mEAuaubbgqIlZ8k1pew5Sg,5.0
mFj3waPReOD2vo8wBfwrOQ,3.0
mG8lfA9g0RsqnBOsm4lSkA,3.875
mGgIPoMocdQsY6hNoFH0MQ,3.0
mGhelgrPvYfWSoAGQic-pA,3.230769230769231
mKjzxWaaKuI9zvTIpyvn6Q,3.0
mLSlxbRsnnBk9Cbzg-kXIQ,2.0
mLdvQGAFadIJkOlEoHsI7w,3.658536585365854
mLokTNz-XIQrQ5bMB0lfkA,3.0
mQHLZ6bxMsz9H-IyrfkQ8A,4.0
mR1_4umgl7VlUiZphKpQtg,5.0
mSDUl7lr7LOtsChFDqFzxA,4.0
mUte6SLBDWHBts7vrCK1fw,5.0
mWcyjym30t93ElEaWhWoJg,1.0
mZiSQz4xjHoRCNSSnFAY3A,2.375
mZkg66Hxl7bqGB-MSZ7QPQ,3.0
mZl7Y3pCee3wW_P6gw7zoQ,4.333333333333333
mePTM5r8gRE9FXTbRPnhMA,3.44
mgM15wXz3Il8iU6T1LPpIA,1.0
mgnkGX1PR3M4x3fNYmwXrQ,2.25
miYKBz-Z9eLOeyJRSjV5WQ,2.847457627118644
mjGY5vNyZyDxO0XJREqV-Q,5.0
moCt4rSxxqSCVrb811PuFw,1.5
moEL1pH_my7MlUZP7RP6-A,3.857142857142857
ms5ge1XY9-Alu7HkybAMdQ,3.635135135135135
msWXb_3mbjcFnnIyV9MUww,1.0
mu1NBDGpWogT-8kVQ6mKTg,5.0
muXrWmqFdrLZBmIq58A4Zw,4.333333333333333
mvFimrcREBIDo-pLAhMfNg,4.19672131147541
mvTZcpgTJIf77yK1G2CBtA,5.0
mvWbKzLTMxVcXr8Gzm5DKQ,3.0
my3_G6GEqtiY_wSypbaD0w,4.0
mz7vFEHlfe88tRFuTd3EKg,2.0
mzNgksPEgjoDrBAgVza9Gw,4.0
n1Y9navLmBQroxZSVeqveg,3.6
n2khgAyytr5ejUxaXxtoVA,3.5
n3nbepXVPXaNf3ZiU_CAgw,3.0
n4qMGs5SBwdNEDiTwE0Qeg,5.0
n5AK1w7xF0bYFadKL_Vzcw,2.7
n7XcE7pu0lFp93xoMV3uLA,3.5
n8ZYT5qesH7UO3OirEeFow,5.0
nBDSjXDvreBaCjyJCFGybQ,3.0
nBl_soaqJY7d4edWuQ1FMQ,3.5
nBquSPcdwqI66iRLpMWRbQ,3.6666666666666665
nDoZIw0D4B_3FUGlP8C3bQ,5.0
nG4CCzWVWn_fzAHaZwcgJA,5.0
nHYO3_bpQ7OoxN3HPHRTKw,1.0
nLQGeCvUuroe-3fpAiy3Sg,3.0
nLV7GQhmAKreEZypE7uIxg,3.3703703703703702
nPVD4LB1lEiSm9O-ygHMFA,3.1333333333333333
nQFfsHZMHrmY4_KrUxH7JA,3.4285714285714284
nQTwMDeKQea_UN0zjt3zOQ,4.0
nQVGXm-cqKgIZ3VoIQf1Ww,4.0
nRmnyYcIMdystK4hDMAEbg,5.0
nU0surZoQ6s45hWW_H3jzg,1.0
nUNF07CjBiOs_5fQa26rDQ,3.3333333333333335
nX0eoQLMANnKZAQbB_1vxw,3.890909090909091
nX1azMCVQ-THDAcWQ3Znpg,3.857142857142857
nXYCJrYqAUpVNSTCR2OOLQ,1.0
nZAWuqQX4UnTq1UbB5tliA,4.619047619047619
n_7TVJMS6WH9xG4uu6VQpg,3.0
nd08jecqusgOxPwl0k1mkA,5.0
ndgcd0qL9Q-fQtigivvYtA,5.0
nhAl-TYEPMZp6b4mzLRnzg,3.142857142857143
nj6tAmQPVtZJAiI9jC-cAw,5.0
nlNEx33_YIYdXVg8AK4Qhg,3.25
nmGCgbqLJrXs3G_w87UisQ,3.5714285714285716
noBXIopOA6ZrGRrFtW-70A,3.272727272727273
npq8V_su65_q9e4zVmf6sA,4.666666666666667
nqRaLp4JIqwgJNd0K8gZ2w,4.0
nuLGWYv4_rKLQhBg3gThFQ,3.0
nvYqxcdJgbHkyBbbTy4Qfg,2.3125
nw4X_9xAdIWJ-ONPMnUb-g,1.0
nwdz1SLdn7yJMdwS2j5S6Q,3.5
o1ZWylJZqxelYyORy4kibg,5.0
o4CNw8nutwdxpPPybdB-sg,1.0
o4NcUfco7JxOcyfKFWyAhg,3.88
o5A55a34aPwlU55NJ9D0BA,4.0
o5rQGrWg2mGBaIn0PGA60w,1.0
o8UCeZxg9qpgK1pwshxwmw,1.0
o8YlOMc-0xr53QETEHpPPg,5.0
o9bBstQWxbj4r2svhEGVTw,3.7
oC9poEdLckAO-f-89rxNEw,3.7142857142857144
oFJum1xrq4iA4CPwTdOaew,1.0
oHKfsAyQJK8fKvnB8Jvd5Q,3.75
oKKDtSCcT1b6F0bHyKjrHA,4.428571428571429
oMdSPXLsSUXd6gIewtH7kQ,3.1666666666666665
oOWVEXTTiUfxixGXFT3z1w,5.0
oQxNU3bej6cGbxAsW3Q6_A,2.3333333333333335
oRkBpYbMGg_wEoUW3JvV5A,5.0
oSI-dZMCdp93NJIpYM-CUQ,4.0
oWSjrSJ6JTrx2I2oZju_8w,3.0
oWpGUnJk-W3xHNekCZ2v6A,3.75
oWr6tAFc0WPSRK1oqk254g,1.0
o_OOT4mq5BIoiYk5XThsNA,2.0
ob8DDY3DxytMJKgBO_dYaw,3.8529411764705883
odHFdfkpV5qQpskuEFd4gA,4.0
oekZuls0GiJXpPt6iNNPlg,1.0
oeqo_YONXZuRBeyC419fww,2.25
ohhXZn76vzYNmGw4XjZC5A,3.8
oiUrH28yFo70AVmygj0pVA,4.0
ojCaK0Z7nSMB8gPGbyjzAw,4.666666666666667
ojZ95yYtBVIsTJQpbbSwsw,2.975
ombFdaEQJ_K_axfEaOICIA,4.571428571428571
onDHBg58J8SpVVv44wHt9Q,4.0
opUmTfpDMZ5XNCZEpRuhUw,4.0
ow4nbP42cVK5zQxiW4D86A,2.9
oxXhUkqoxo9B33SBL73YPA,4.25
oygq45Un8P21YY5r3bebhQ,3.3653846153846154
ozXrBwTRmoHtz65LPIraGQ,4.5
p-XQPdaPUAqESVoqyocRUw,3.823529411764706
p-w4e7tdZNWEqCAlgSWy7w,3.5714285714285716
p1_IExGnOX-5tYclHSVlhQ,4.166666666666667
p2KxGY6wKgAowBmwZaTH8w,3.111111111111111
p5YKSdpgfJH0oR4y3KdmNQ,4.0
p9su7Q61mmgleauIr1kysw,2.5555555555555554
pCv3vPscI_At7sFrypjEtg,5.0
pDazsa8J00W2t-ktCEMC0g,4.5
pDp2uHaSrMvActzOljbOmg,1.5
pDsN-sqVMzNOETFwTisrQg,3.0
pH35h7-a7jRiy9w_-6F_yA,5.0
pI5ZbsDnjP-sF2UBUmsvpw,4.169014084507042
pJjjlIpyklFgfNfqdAb4fQ,4.0
pLlgdzsJ0ntGU5HMhN67VA,4.714285714285714
pNYel03k8wRg3Zwbt9wy9Q,5.0
pO4I4wDkyTOQL3lVhTrEPw,4.0
pPAjeFLuwtrYmiGdLAZjxA,5.0
pQ0sG8FVL0bDAgbS1SnT5Q,4.0
pS9mx367e0hCM5r2sFOrhw,5.0
pT72Y2h2JueJ0ecCHJzV8A,5.0
pUYhORAHFHs6U02ClW9k2w,3.1470588235294117
pUZiQMHrGHLSxh2XA5kWVQ,4.0
pX7oIH75lXnYA37QuuB39g,3.5324675324675323
pXi3H4MZKo52LmBcp0Y32Q,5.0
pY-cE8nj-U8rAwDbPJrpiw,4.0
pcnGaihUg9RnCCkDR2R9iw,5.0
pdZe5vmQmWGIbaOU0jangA,2.3333333333333335
pfnpDFBl56KRKbI2iQfZnA,4.0
pg0GLxLiIpTxEG9DRQT4gg,1.0
pgDtCXCouFck8JDu8kybGQ,5.0
pj_UW8eWhZJGWPOcg4w33g,2.0
pou35h4wfhlEqUxqbDLrPQ,2.7142857142857144
psg6jBQYmL9AFnmIJC37Yg,2.8333333333333335
pu6yIiyxQ4zLh9hgWOmNfA,2.911764705882353
pwZIjoLhZnjl8mQ4UoikiA,3.8
pyHajlDgnBOpYFNZ3a_gZA,3.75
q-T1EHG5A4x1qkZce1xdoQ,4.0
q-n5CAIy6rZMwAx0YBf-Yg,3.7222222222222223
q-p9UD7FhQekiMt0DmOlhg,4.0
q04BjQEOInB6mZF4ZchEMQ,5.0
q0dy950BiJEWOGEeIm7QSQ,5.0
q5UZFNF2jzN7dtiXD2pl7g,3.3
q60IRwHOEUqu7B7f9Q9hWw,4.0
q6O4SnARNB6c3r_RPNMrZg,2.2
q6gUXKIYvnE9vviT3ufBiA,5.0
q9AUsrYTakTMIHJkKA_EIQ,3.635135135135135
qC1z0ILwN9oWhWBF2KZ92Q,3.272727272727273
qCuzY1CNtVO-q7HS5gxHPg,1.0
qEkZiECyndnfqbXNT5gPLA,4.833333333333333
qGP0iI1pjk0WDkz4umutkg,2.0
qGSu8HdlAXQfEzVWkBHpNg,3.0
qIHKMwOh2PVMM3GpfBITXQ,3.0
qJ_iOBrjxU-unMbqRSBv9w,4.481481481481482
qKo95CJS-mLC_O94Q71onw,5.0
qLvMbd-UTvsK-nI3-tG3dw,1.0
qO0_bZxtHP5PcVG2l85q9A,5.0
qO0rBKWUlzGs6ZaviKoBTg,3.5869565217391304
qR1w-xkh9ILBlDZyRVpWFA,1.0
qU6upKhfnnKv3NpEeb9yUQ,2.0
qU_hvWi1R65B2-SZrL0i2A,3.0
qV1DKtmUrUm1NOeL5sWk0w,3.0
qaY5kcomlU0MT76034trhw,4.409090909090909
qcMoKT4bMkmVBmc0i8A9ew,3.5
qeSP5-Uy1rGPvD1tTZG8Vg,5.0
qgboN3_GhvkK1q1ID6ylQA,3.0
qgti5xJUQhrxh-J4K2iAzg,3.0
qi5BFaECgpVRcOxTEOx6Qg,4.666666666666667
qiZ7NfRvxzsxeacDqXwQyA,1.0
qj7c0-a5MgiLCTOm9PrfRg,1.0
qjwOs0SR8xyJSBnasYHlbQ,5.0
qm--okQrqx2rgDgi6sCCwA,3.0
qmBLKuCxT0S5IwaXuIntqg,4.0
qn7KUw-QbMQNXcT0zDwiyQ,5.0
qrdK1tLnuVp0y3l5OdNeIw,2.5
qvqtINVRbFZYMdgk7KyCpw,2.3529411764705883
qvtX0xhly649WeCmJ6wyug,1.0
qwHx4_CXl-WKO57PG2kpWw,5.0
qwUCLvnZLsa7qyMqFsGQ3A,3.3333333333333335
qy5t_6P9KmAd4R9PIBVbfQ,5.0
qyHkbIRhbm2TkbKmCpsaew,3.5
r1vCqtOFVT4ecpo4ECi_6A,3.25
r3sjq2rLTnffflyTjcPqWw,4.0
r66uR6Y6ckrRooMxqC6XAg,5.0
r6sVSAqaVQfU27PKYmQ4Ng,4.0
r8yNP4VC8eHKA_AFMSS9Dw,5.0
r9X0Rmcylp05q3lhOwUb3Q,3.909090909090909
rAS438KhXpJ5G5eksw4QQA,4.25
rBWSyqXMF2cm8rjOdaQa8Q,4.0
rCG3fBrxcTTlbx-CpledQg,4.2
rEsYt8-WndhJCEFtjWUs8w,4.2
rH5lmQ9fkr5pByNirHpIWw,4.333333333333333
rHQf9K6Rm0WynQHscn9iGA,2.0
rILmjGQjfCuKbrTFFFR_7g,4.0
rKEMwbAU3uFWBiX7OELRmQ,5.0
rKOZCb77x2lVJEr70ZGN2A,2.5555555555555554
rLYGmKy3nypLrddbRmw57A,4.0
rR9Vo4oShRrukR5tCHnNWQ,3.4545454545454546
rVBwPqY-rufUuJqIF_iMiQ,3.0
rVgsEDefgPY7Wh-3RlhQPg,3.547169811320755
rWh7Gs5BBOSLx2jVbAI3Xg,1.0
rX2KvqZwnKMWH2v91RxWNg,3.7142857142857144
rYQfQcR1CsJ1-GtwAQf1IQ,3.5
rZgwkQU16remvzpH72am9g,1.0
r_GyCWJW2jWxZZD-QezE4A,5.0
raFJsOc8GV6eyJ7dZN9BLA,3.375
raQB7ebQsPeAfV5xXC5JvA,1.0
raxeLdpeY5akfJSt7TDdMw,5.0
rkvQkjCAxhgRmu-kfPyQnw,4.333333333333333
rlGJEN3g98pJqbVtc061Kw,4.242424242424242
rlj7RlbXwCkY15tel-Xl3Q,3.3333333333333335
rpQV9KtdFV04tNyq5hSyqw,5.0
rsN2UyhzLzKCE3pkAHS_WQ,1.0
rtZiJiTxeuUaE_yAmoKuqQ,3.6666666666666665
rw5uFM1XtKYoy9V4vaFiOg,3.3333333333333335
rwNTN3SshrbnQ7HSqWx-9g,1.0
ryJ06lKeoakUKiqjIA34hw,3.4705882352941178
rzWulqWwBqVOFVEa8sdaiQ,4.851063829787234
s01KekgF1DW7euSE5tIImA,4.9
s1T7EAmyjxAhYKL90jiAwQ,3.0
s4Ya4uPoTFuQCKwQGuzLmQ,3.0
s6PTg75IDNif7S5tsLnFQg,4.636363636363637
s6q7M_dTkojhnw9pNFI8iw,3.0
sBTtpqwumg5C_D5dpuwYGw,5.0
sCrz_bdxeNTF53DyoX5l8g,1.0
sDbuWMYRKba6qbfGMFUaaQ,5.0
sHf5DXJQ9mgeIEKLLxzetQ,4.0
sKT1UHqeabv4xg1Ju3it3A,5.0
sLV81-MIjN18PcrrJLG8qQ,4.333333333333333
sNizq26osmaulQ8FkU7ajg,1.0
sQxIPCvL6JbqxNwTqJBo0A,2.75
sRrrXHKkCS0wWxa4UliVRw,4.5
sRx-iAj8zIzpf-MGRShGVw,5.0
sU4fq-TWOhvJcjFI5GLL3w,3.0
sVhBjFA3Tspe76vI2Qx8YA,4.111111111111111
sWBUIkbFftyU7mTUhzn9tg,2.4
sWtur78mChDwsqkpY3xsjw,4.25
sZjYUxJEOuH6NZ5Fuhu6Pw,5.0
s_5xBgpVdVR6f1qv5TBqrA,1.3333333333333333
sdB327SIwe6SycJ5bn80Tw,5.0
sdoMmAfM5fAn1s4SL1dQ9Q,3.0
se1nR8pwmwRgNY67dl2zdQ,4.0
se6H9HuIv4lDbCXH_3RaQA,1.6666666666666667
sgTyPsz9ucQmym3finFBuw,5.0
sjKS3BR3LJub0GRob_Gvog,4.086956521739131
slCiJ_7_ul9VYkCeqAjjNg,3.586206896551724
slJ8a6pZIj1MFECOpl6Xag,3.0
smAmwNf4zy0n4tf8vnZHTg,2.75
spsm0c64-1lBqMrjteC3wg,3.0
srx0CuNuymzivLWQ9x4vEQ,5.0
stEl2PKzW946yllkC7g5rQ,3.0
stI0C70TYFQQ2k22dHZUzw,5.0
sycBoQLfNibTGAC9dgmiRQ,2.5
t0fe25bF9bgkgUeY6PoRuQ,3.272727272727273
t1p_HySMM3BbinKVHrw98w,2.0
t3Gg5wW9wxHO4s9tGBArQQ,4.135593220338983
t4m5trM_qYC3vsHiJRnJIw,2.5
t5JK4OZzCuetIrJXdHLntg,3.888888888888889
t8JPGC-BgT_H-kOaKI5PKw,3.6666666666666665
t8UfBjtqhxy9P1rVSlvHaA,4.0
tCbyNkF5ZsCiciSBlAtfWA,3.3333333333333335
tExOREQNuRrNxRLmYxI1Cg,4.25
tFvo295DxAg0WOQznE0U1w,2.9
tFyQiqJuv-3TZK02D5bUfQ,4.5
tG1Xc5HUfgAhXg50G6efXQ,5.0
tH2KBOc0Pz0nc_UCFzMcwQ,3.0
tHmHxwdIQUbmH_v2Gl491g,4.0
tK2qTNOSr-eKwd0qKF-Cpw,1.0
tLgITPBRUtZkiTZ6eaWRyw,5.0
tN__jBUXiGQ9PS-oo4_bnw,3.5
tQeulDzoB1LbBdO5JUL4aA,5.0
tRIplCr8mQBOcmfpjFo2hg,4.0
tRbU92QblzpbCF8fBDO0pg,2.0
tUb_KkWWy_SImJGDNzlgjw,4.2
tUdf0eIkUuWkYx4P4neQig,2.5
tXJjyw6rXkfwdIEWibpqjg,3.923076923076923
t_BDQvPPzE4Izgp8Xo8WEg,2.0
taYIRPBZoUAVX8OnvAX34A,5.0
tbeileHmwzPm_cyvvyNyuQ,2.0
tdataWnEfBHaC8buVPFpNA,4.0
tkYlhzfyJZPGasI54zISYw,3.8
tlxMOi1b0-rssANDT1K0kw,4.0
tnhq-bCdzWsIRdYy1riENw,3.857142857142857
tpFuxfSNlQ95zOixODFgVQ,5.0
tqa-QwD8DpkiIsjnrS5J5g,3.736842105263158
trA3qWYXbvA-IjsCeDwZGA,2.0
tt7UdHayOUz4EJ_J30r7GQ,4.0
ttlHxUA48zS3fkw9XqjgUQ,3.4
tvPe_GRHrth-gw4MpgWSBg,3.888888888888889
tvyugKy5KqLOxYxVVQD_GA,3.3333333333333335
tx_jBNjeNuWNJEt0Iaw5cg,4.0
txnF1YKFNyPjyS5kFhnkOw,3.0
tyrHMnp2nZLed5GUURup1Q,4.0
u-TSkC4YboeOoWj0A9NuJA,4.5
u1ocVuereEBvQIeJVfko8Q,2.0
u40C8To19pTL9rQ3f2thJg,4.333333333333333
u6xe7al6lWQLZ8yTjkjhYw,3.96
u8vDD51QRXb_JWiMziqieQ,4.0
uAYeSQsoDOwy21nZ1_f59Q,2.4
uE_4KPIReIF1c1Llm54SLA,2.6153846153846154
uFHUlEgOBav4iNmMIx5EvA,3.0
uGERjfrgUMl2O6LtFga3WA,3.8333333333333335
uINr6f7pxxVGp5IKX_wWbw,4.769230769230769
uJoDQZDuoVw2irtMxSVjLQ,5.0
uOCaqPTCyZ64i6UVS0jzNg,4.0
uTg6BwVQl0ldbx2R5IYdpA,3.909090909090909
uWKg0mUltynzwV65KvpriQ,2.5
uXU1lcTLSg4H4F4NiG3l2A,1.0
ubNzerxb8ox5bmA2EGkKBg,4.0
ubgq-LgELc0m1KV_1t0Ykg,3.75
ufsiQbsP9vA-aOq9-R82wg,3.2238805970149254
ug8UXuC-n_2osuLi5-9hGw,3.4166666666666665
ugOU_IJV4qFSaC1BtuazyQ,3.305263157894737
ugSIP2rgLbJobTJIHdd8nA,3.75
uio8zJnQ32w6QIP6_q07hw,3.0
umYdcjb76WqWv7EHwRH89w,2.0
uq9AaGYxrqq70qzhqZC9Bg,5.0
urI7MSsoloEYLOYR50ea-w,5.0
urq5gzjEdD9qeeC4W-m9nQ,4.5
usFdW6gSwqL_bkSkWj5Yig,4.75
uw-Ebmb4AfMjgIUozg8tPg,3.3333333333333335
uwtw5rgUIynMNXeTRyIW9A,1.0
uy1u94JjPgbtnNpmmK6d-Q,3.2941176470588234
uy2bscWexAcIhOQJ_rn3cQ,3.3684210526315788
uzr-QMRV484fUurVpVTiCg,1.0
v1Ei_eihYKZ5N9pyonyREg,2.25
v2Ix2WXBy3he0mco3AqhUw,1.0
v2N1YRQaOGaGcjPSuHXpnA,5.0
v9d1-W91yQXPRKSk-c44-A,3.0
v9juVZZUeFiflHK612nODg,4.0
v9mgNbXlvLBaUBRb05jEBA,3.5
vD_0vSkkCMrcJEyfQrKL0g,5.0
vEr2Zi-dkDbpI0OzNemTew,2.2
vG-g_ScbRDYWQwv2hgtvOg,5.0
vGS0dijuI5jTSBgL27Q-Zg,5.0
vHKN9wutsLJzeE1k6HC1cA,2.0
vSONj_u31H8ESeBghe1XOw,4.333333333333333
vSPwIi7cLzgZh2yhju__3Q,1.3333333333333333
vT1SP3taJMJhhkUnEe5PbQ,3.4285714285714284
vVNyyI75RVIfUHatVrpsRg,5.0
vZbDARpCbOg2A1bdsfSkGw,3.9
vgY04DIZ_H-C76byA4DbBg,4.0
viikU_jvPzm6y9tCQwKyLQ,5.0
vjhwvtpgYjNR9Tjui7BJNg,3.5
vkDIWNVOPbEt_id7TtBuCA,4.0
vnPbptTIVhqwrGh45aMykw,2.0
vq1RxWc-xGWk7idaCsvygQ,5.0
vqCfdZCRH7h6eAB0U7ANGg,3.5757575757575757
vtGAHJ9kSkjsEdTmjHrbkA,3.6
vvhfPV-Llkd4fE2SHuLVvA,3.905775075987842
vz7ZaX5QoHDzfUXEo5Ifdw,5.0
vzXD9UzRwUQMF3XvD0gVfw,1.0
w0mb3yjlTIQww7A2TWnnrA,2.5555555555555554
w4Zhs07XsnguR_qiAbIIlg,4.875
w739wCs5iPyZiTcddybAKA,5.0
wBAHQCdvi2nhNEQEJQhefw,4.0
wBZO2x9VGwNBob6nTSmIjg,1.0
wCbe8W-NyDGOtz74Olj20g,5.0
wCudiJygDLWQ5vIa_h4NAw,4.0
wEAkoRMLpxYZEbmvvoxrpw,3.0
wEJLvvg9s_nQwv86hm3sVQ,4.0
wHwa6_m7oQxRLR3LgEeoRQ,4.166666666666667
wKRH7SU9DJIl6UHyJaf-zQ,2.0
wN0qoT6RqL0IUxMf_318rA,3.0625
wNFU48QjD28TfHTPRiUQag,1.0
wOMGsjOlA16LrZsjaeUaMw,3.0
wPF6nl0QmhbTVmqaWoh0bg,3.2291666666666665
wRIOJrdyfRxruoh18PEaGg,5.0
wRuSNufHIzHqO2Jsg7ERzA,3.5
wTGj-0PpMSwd2kNMJSuEMQ,4.631578947368421
wWMfNg6RZsaJ8oNkv7Kr5A,1.0
wWe-Yw_vuRzPNjZeA8_qig,3.0
wZObfwweii9_1rckShR15g,3.3666666666666667
w_AZIu-_asCQB_tGbXTQ5g,3.0
w_xGAG7O9PwTQeK0qgG1lg,3.0
wanar2c7ekrOv1_iVPISrQ,3.0
wbOL77wMgSKV1yOkQuxw2Q,4.078947368421052
wc--t61Hm6lab87duf6R8g,3.0
wehHaAAnkl1G51jRnkNEVg,4.052631578947368
wfKFdeMBIphkvYFELcw5OA,1.0
wgojB3OEaA9uoxi1oMX9VA,3.111111111111111
whjphU0MQGZKq3iiK8q3nA,4.333333333333333
wirALlXHxcpcy0aKBjYnKg,1.5
wpJlmJzn8D5uyvdUUeoh5Q,5.0
wpcfU55I5IQr8mj62qow8Q,2.0
wq3LOIniudXC8m5ovKFVkQ,3.5
wtx3v6uLip1a0hF9N_scBg,3.923076923076923
wx6Ji61w71sYCx5ffcOvyg,1.0
wxulYNnMo0J5urT5D7qtNA,1.0
x1n82y4si2wajmqMD3Og4w,4.0
x3xbOEyS5Y6SGRSHnCQw-g,3.875
x4CDOj7v8i8g9nr8vcLBOw,1.0
x4NU3ZZLXzX-aFFv9lik8w,5.0
xBfcLsjE4yUkeqoIvr9H3A,3.282608695652174
xCu4bWRTkvrRQanpl0Em3Q,4.166666666666667
xCzfrPUTHQTwmcKBTxwPRw,3.0
xFUDJVbqxQ_ENSSn3q7oIQ,4.5
xJrdZKmsJK4qSHBRKleY0w,4.5
xMFJAv8POQZLfM1_BZUeWg,2.5
xMGvWnGbt5gz6wbLksBI2w,2.75
xNb3CabDo85OHy7XWQzRdw,3.0
xTVfOYJyBDDkDIlB3lvGcA,4.0
xTWfvYugazbzW_NG-9yn5g,3.5
xTcxBOETTr5Aqnq6OaQGEw,5.0
xVMd_mVmhJ_-lnLgLYkLuw,3.6
xYqTlEZd78qev4JX9fwr1Q,1.0
xcXPHig4hVjvtSCGEazkFg,3.3076923076923075
xcm1sIRIH6oBRfWuwkoKdg,5.0
xdmVpTrTPB04CwNPXgwP2A,5.0
xh1Qli79Vdh-je0Oh4PFrA,4.25
xhbz-YZnqLt_CimqsMTV5A,4.5
xjn4_bi8z0zp50nqYma35A,1.0
xkMyDzigE37cTF_b_FgDDQ,2.6666666666666665
xlN9TovJY00doxunebIcyw,3.5
xlWQh0LrdYk-yTOO4Tm7hw,5.0
xm2qm-Jg9LLznXK2WBG7eg,3.235294117647059
xm5jqV7BQDnD3HNPUo9fGg,3.5
xnsm8fBkLebZexWWfWdgtw,3.8
xoS0iA36biZSXYE7y57D_g,3.8
xqMuFheDo2goNG99aIjerw,4.0
xrh3M628w9K4vb2Fi9ZpUQ,3.0
xuCWMXnzghna_RHQ5bUTCw,4.375
xuaIayCC4Js5jwv56t4cXA,4.923076923076923
xvywk-LZ5n4_zNAjS5EQUg,5.0
xwGtllvWOv9ymnGcLOA_0w,3.5
y-LM0dWQwG19nVI5ekizvA,1.0
y0nj4wd1TlDhXCIW42R4EA,4.375
y17CXCLiOu-7Sf0boRa5Ow,5.0
y1w2k9v3d3W-mlovmEZgug,5.0
y2cIL_WBmVvLL5LXAZ2Efg,4.5
y3zmRXGAUH9MBo3JdjD68g,3.6666666666666665
y6tv-NkSYZ5qqJNNbuC4BA,3.5
yBjUhbbqPu870Q703F3qnw,4.0
yCg8wOW7Q7TxGlBVTXFWQQ,3.0
yCrH4ehLp1diOVwjw4814g,1.6666666666666667
yExniedozBhXel2EfxbSRQ,5.0
yHxa5wDj8bGBTrqXFOMcBA,3.6964285714285716
yIuqjxGAjTewuZB869icmg,5.0
yJ90zrq3HE14qbKjXD5Syw,4.6
yJTEnjRt607Tu7RY3PEw_g,1.8333333333333333
yMcDIh6SRcPQwAGMORi4Aw,2.6923076923076925
yNweEMRrf32JAcoBuqqGOg,4.0
yThR-_zCYvgZWwEyVEbOWA,4.0
yWHmOFtFvIs55OL66mx-DQ,4.1875
yXIHUbTWAB752pomfyEEZg,3.606060606060606
yZ0UbhmCU39XHtq52nkpAg,3.0
y_sK_GBjfaUrgn-uHeTZ7A,4.0
yaLdPxECCf8yFS5ywidHrQ,4.380952380952381
ybNN5z1UIieXhFcyzfFmew,1.0
ydbXnt64wE4yqpmirvV2pA,4.5
ydi7Ony6R6vk1SjZ8FpGrw,4.5
ygwIGP39WZZqI8xefWAegA,5.0
yhquv46aQ3PUKz-DuEpEQQ,3.0833333333333335
yi4VBb-Xoa9DgVTwCNl5TQ,3.4
yof44TZ_nE-spa8lBGn5sQ,4.0
yog5s_F50mt5ReBG8MY7IQ,4.188405797101449
yqAoPenbIeH4dokFrGxUrg,4.111111111111111
yrhLFb0OolgiUAWDYrbtnQ,5.0
ytOJrl62YnRxCTboY8SArQ,1.0
yuOFRZBjFxeb8GY359KIkg,5.0
ywf_DJBjSZALlJgoSZ2sLA,1.0
yyixN4LYkeZiCAEfIfpLRw,3.088235294117647
yymUzls_TFuBLRJvPi3pxw,1.0
z1UupStsGEMA1X8urHlF5A,4.294117647058823
z1YvxReqV__3ONX3tm7d-Q,3.6666666666666665
z41-NVhfPStAr4NxkVX2pA,1.0
z4m1ZJElOJQBgtWuNfDKYw,3.75
z6pXdB9ot9uQo6eKEe-WOA,3.0
z7CzWRPTpmTj-twQ1uYJ1g,4.0
z7zNyX5hw12cXN2KDwXc3A,4.5
z8VUxTfPom10iNqz5bcjww,4.833333333333333
z8u1spcZqSCDRnX_JXO3ag,4.0
zAAVR-JfaA8myk0Qa4utyg,1.0
zBPxCp44qDS4gQOTl-t1lw,5.0
zC4xzRq3Nj6WgnO9W1hnAw,2.0
zFDveW9qCJjJ-UAxVdp5eA,5.0
zJGwwuKQEtKrG201PMVqXw,5.0
zJotBXsz3wJtEbhVuwNpnw,3.8333333333333335
zNKDS43sOrWMainVltqvRQ,3.0
zPvebBwZz8aPFXz1zI8Usw,1.5
zTCZxkxfRhaS-htslKPXEg,1.0
zTFSvogO4cWvGSn_bdQcOg,4.666666666666667
zYikLo2A4fZg5aWaXjceug,5.0
z_-zug3cMbDaqE2wEW63Bw,4.0
zbwfkoTJue95aKC6S8DKFw,5.0
zlgo2WEF4cA4Ml5hug9SOg,3.2857142857142856
ztuO0tozkkocR_o2OXDuQw,3.4146341463414633
ztuPz6X59gBGct24aZAP4Q,5.0
zvBrIOLV74lmJDvTu98PCA,5.0
zwBWiNsbEAXRqPJXme-L1Q,4.25
